date,rate,rate_ne,rate_se,rate_nc,rate_sw,rate_w
1971-04-02,7.33,,,,,
1971-04-09,7.31,,,,,
1971-04-16,7.31,,,,,
1971-04-23,7.31,,,,,
1971-04-30,7.29,,,,,
1971-05-07,7.38,,,,,
1971-05-14,7.42,,,,,
1971-05-21,7.44,,,,,
1971-05-28,7.46,,,,,
1971-06-04,7.52,,,,,
1971-06-11,7.52,,,,,
1971-06-18,7.54,,,,,
1971-06-25,7.54,,,,,
1971-07-02,7.54,,,,,
1971-07-09,7.54,,,,,
1971-07-16,7.60,,,,,
1971-07-23,7.65,,,,,
1971-07-30,7.69,,,,,
1971-08-06,7.66,,,,,
1971-08-13,7.73,,,,,
1971-08-20,7.71,,,,,
1971-08-27,7.69,,,,,
1971-09-03,7.71,,,,,
1971-09-10,7.67,,,,,
1971-09-17,7.70,,,,,
1971-09-24,7.67,,,,,
1971-10-01,7.67,,,,,
1971-10-08,7.63,,,,,
1971-10-15,7.63,,,,,
1971-10-22,7.58,,,,,
1971-10-29,7.63,,,,,
1971-11-05,7.59,,,,,
1971-11-12,7.56,,,,,
1971-11-19,7.54,,,,,
1971-11-26,7.51,,,,,
1971-12-03,7.49,,,,,
1971-12-10,7.47,,,,,
1971-12-17,7.48,,,,,
1971-12-24,7.48,,,,,
1971-12-31,7.48,,,,,
1972-01-07,7.46,,,,,
1972-01-14,7.46,,,,,
1972-01-21,7.43,,,,,
1972-01-28,7.40,,,,,
1972-02-04,7.35,,,,,
1972-02-11,7.33,,,,,
1972-02-18,7.31,,,,,
1972-02-25,7.31,,,,,
1972-03-03,7.32,,,,,
1972-03-10,7.32,,,,,
1972-03-17,7.31,,,,,
1972-03-24,7.31,,,,,
1972-03-31,7.23,,,,,
1972-04-07,7.25,,,,,
1972-04-14,7.29,,,,,
1972-04-21,7.29,,,,,
1972-04-28,7.33,,,,,
1972-05-05,7.33,,,,,
1972-05-12,7.38,,,,,
1972-05-19,7.38,,,,,
1972-05-26,7.40,,,,,
1972-06-02,7.36,,,,,
1972-06-09,7.38,,,,,
1972-06-16,7.38,,,,,
1972-06-23,7.36,,,,,
1972-06-30,7.38,,,,,
1972-07-07,7.38,,,,,
1972-07-14,7.40,,,,,
1972-07-21,7.40,,,,,
1972-07-28,7.40,,,,,
1972-08-04,7.35,,,,,
1972-08-11,7.41,,,,,
1972-08-18,7.42,,,,,
1972-08-25,7.42,,,,,
1972-09-01,7.42,,,,,
1972-09-08,7.42,,,,,
1972-09-15,7.42,,,,,
1972-09-22,7.41,,,,,
1972-09-29,7.43,,,,,
1972-10-06,7.41,,,,,
1972-10-13,7.41,,,,,
1972-10-20,7.44,,,,,
1972-10-27,7.42,,,,,
1972-11-03,7.43,,,,,
1972-11-10,7.42,,,,,
1972-11-17,7.42,,,,,
1972-11-24,7.44,,,,,
1972-12-01,7.45,,,,,
1972-12-08,7.43,,,,,
1972-12-15,7.43,,,,,
1972-12-22,7.45,,,,,
1972-12-29,7.45,,,,,
1973-01-05,7.44,,,,,
1973-01-12,7.44,,,,,
1973-01-19,7.44,,,,,
1973-01-26,7.43,,,,,
1973-02-02,7.43,,,,,
1973-02-09,7.43,,,,,
1973-02-16,7.45,,,,,
1973-02-23,7.45,,,,,
1973-03-02,7.45,,,,,
1973-03-09,7.45,,,,,
1973-03-16,7.45,,,,,
1973-03-23,7.45,,,,,
1973-03-30,7.49,,,,,
1973-04-06,7.51,,,,,
1973-04-13,7.54,,,,,
1973-04-20,7.56,,,,,
1973-04-27,7.56,,,,,
1973-05-04,7.58,,,,,
1973-05-11,7.64,,,,,
1973-05-18,7.69,,,,,
1973-05-24,7.70,,,,,
1973-06-01,7.70,,,,,
1973-06-08,7.73,,,,,
1973-06-15,7.73,,,,,
1973-06-22,7.75,,,,,
1973-06-29,7.76,,,,,
1973-07-06,7.89,,,,,
1973-07-13,8.01,,,,,
1973-07-20,8.12,,,,,
1973-07-27,8.18,,,,,
1973-08-03,8.26,,,,,
1973-08-10,8.40,,,,,
1973-08-17,8.55,,,,,
1973-08-24,8.61,,,,,
1973-08-31,8.66,,,,,
1973-09-07,8.77,,,,,
1973-09-14,8.81,,,,,
1973-09-21,8.83,,,,,
1973-09-28,8.85,,,,,
1973-10-05,8.82,,,,,
1973-10-12,8.83,,,,,
1973-10-19,8.75,,,,,
1973-10-26,8.68,,,,,
1973-11-02,8.62,,,,,
1973-11-09,8.59,,,,,
1973-11-16,8.58,,,,,
1973-11-23,8.57,,,,,
1973-11-30,8.55,,,,,
1973-12-07,8.53,,,,,
1973-12-14,8.53,,,,,
1973-12-21,8.53,,,,,
1973-12-28,8.56,,,,,
1974-01-04,8.56,,,,,
1974-01-11,8.53,,,,,
1974-01-18,8.55,,,,,
1974-01-25,8.52,,,,,
1974-02-01,8.48,,,,,
1974-02-08,8.46,,,,,
1974-02-15,8.46,,,,,
1974-02-22,8.42,,,,,
1974-03-01,8.41,,,,,
1974-03-08,8.41,,,,,
1974-03-15,8.40,,,,,
1974-03-22,8.40,,,,,
1974-03-29,8.41,,,,,
1974-04-05,8.44,,,,,
1974-04-12,8.53,,,,,
1974-04-19,8.63,,,,,
1974-04-26,8.73,,,,,
1974-05-03,8.87,,,,,
1974-05-10,8.98,,,,,
1974-05-17,8.97,,,,,
1974-05-24,9.01,,,,,
1974-05-31,9.03,,,,,
1974-06-07,9.06,,,,,
1974-06-14,9.11,,,,,
1974-06-21,9.07,,,,,
1974-06-28,9.10,,,,,
1974-07-05,9.14,,,,,
1974-07-12,9.19,,,,,
1974-07-19,9.37,,,,,
1974-07-26,9.42,,,,,
1974-08-02,9.47,,,,,
1974-08-09,9.50,,,,,
1974-08-16,9.60,,,,,
1974-08-23,9.62,,,,,
1974-08-30,9.74,,,,,
1974-09-06,9.88,,,,,
1974-09-13,9.92,,,,,
1974-09-20,10.00,,,,,
1974-09-27,10.03,,,,,
1974-10-04,10.02,,,,,
1974-10-11,9.96,,,,,
1974-10-18,9.99,,,,,
1974-10-25,9.94,,,,,
1974-11-01,9.87,,,,,
1974-11-08,9.81,,,,,
1974-11-15,9.81,,,,,
1974-11-22,9.73,,,,,
1974-11-29,9.72,,,,,
1974-12-06,9.69,,,,,
1974-12-13,9.63,,,,,
1974-12-20,9.58,,,,,
1974-12-27,9.56,,,,,
1975-01-03,9.60,,,,,
1975-01-10,9.49,,,,,
1975-01-17,9.43,,,,,
1975-01-24,9.35,,,,,
1975-01-31,9.29,,,,,
1975-02-07,9.20,,,,,
1975-02-14,9.13,,,,,
1975-02-21,9.07,,,,,
1975-02-28,9.02,,,,,
1975-03-07,9.00,,,,,
1975-03-14,8.89,,,,,
1975-03-21,8.86,,,,,
1975-03-28,8.86,,,,,
1975-04-04,8.83,,,,,
1975-04-11,8.81,,,,,
1975-04-18,8.80,,,,,
1975-04-25,8.84,,,,,
1975-05-02,8.92,,,,,
1975-05-09,8.88,,,,,
1975-05-16,8.92,,,,,
1975-05-23,8.92,,,,,
1975-05-30,8.89,,,,,
1975-06-06,8.89,,,,,
1975-06-13,8.90,,,,,
1975-06-20,8.88,,,,,
1975-06-27,8.90,,,,,
1975-07-03,8.88,,,,,
1975-07-11,8.90,,,,,
1975-07-18,8.89,,,,,
1975-07-25,8.89,,,,,
1975-08-01,8.89,,,,,
1975-08-08,8.89,,,,,
1975-08-15,8.93,,,,,
1975-08-22,8.98,,,,,
1975-08-29,9.02,,,,,
1975-09-05,9.08,,,,,
1975-09-12,9.16,,,,,
1975-09-19,9.14,,,,,
1975-09-26,9.14,,,,,
1975-10-03,9.20,,,,,
1975-10-10,9.21,,,,,
1975-10-17,9.21,,,,,
1975-10-24,9.26,,,,,
1975-10-31,9.24,,,,,
1975-11-07,9.19,,,,,
1975-11-14,9.16,,,,,
1975-11-21,9.12,,,,,
1975-11-28,9.11,,,,,
1975-12-05,9.11,,,,,
1975-12-12,9.11,,,,,
1975-12-19,9.08,,,,,
1975-12-26,9.09,,,,,
1976-01-02,9.10,,,,,
1976-01-09,9.07,,,,,
1976-01-16,9.01,,,,,
1976-01-23,9.00,,,,,
1976-01-30,8.90,,,,,
1976-02-06,8.86,,,,,
1976-02-13,8.83,,,,,
1976-02-20,8.81,,,,,
1976-02-27,8.75,,,,,
1976-03-05,8.77,,,,,
1976-03-12,8.75,,,,,
1976-03-19,8.75,,,,,
1976-03-26,8.75,8.75,8.75,8.75,8.75,8.75
1976-04-02,8.70,,,,,
1976-04-09,8.70,,,,,
1976-04-16,8.75,,,,,
1976-04-23,8.75,8.75,8.75,8.75,8.75,8.75
1976-04-30,8.75,,,,,
1976-05-07,8.75,8.75,8.75,8.75,8.75,8.75
1976-05-14,8.75,8.75,8.75,8.75,8.75,8.75
1976-05-21,8.78,8.75,8.75,8.75,8.75,8.88
1976-05-28,8.78,8.75,8.75,8.75,8.75,8.88
1976-06-04,8.78,8.75,8.75,8.75,8.75,8.88
1976-06-11,8.83,9.00,8.75,8.75,8.75,8.88
1976-06-18,8.88,9.00,8.75,8.75,9.00,8.88
1976-06-25,8.90,9.00,8.75,8.75,9.00,9.13
1976-07-02,8.93,9.00,8.75,8.75,9.00,9.13
1976-07-09,8.93,9.00,8.75,8.75,9.00,9.13
1976-07-16,8.93,9.00,8.75,8.75,9.00,9.13
1976-07-23,8.90,8.75,8.75,8.88,9.00,9.13
1976-07-30,8.98,9.00,8.75,8.88,9.00,9.13
1976-08-06,9.00,9.00,9.00,8.88,9.00,9.13
1976-08-13,9.00,9.00,9.00,8.88,9.00,9.13
1976-08-20,9.00,9.00,9.00,8.88,9.00,9.13
1976-08-27,9.00,9.00,9.00,8.88,9.00,9.13
1976-09-03,9.00,9.00,9.00,8.88,9.00,9.13
1976-09-10,8.97,8.75,8.88,8.88,9.00,9.13
1976-09-17,8.97,8.75,8.88,8.88,9.00,9.13
1976-09-24,8.97,8.75,8.88,8.88,9.00,9.13
1976-10-01,8.90,8.75,8.75,8.88,9.00,9.13
1976-10-08,8.95,8.88,8.88,8.88,9.00,9.13
1976-10-15,8.95,8.88,8.88,8.88,9.00,9.13
1976-10-22,8.95,8.88,8.88,8.88,9.00,9.13
1976-10-29,8.90,8.75,8.88,8.88,9.00,9.00
1976-11-05,8.85,8.75,8.75,8.75,9.00,9.00
1976-11-12,8.80,8.75,8.75,8.75,8.75,9.00
1976-11-19,8.80,8.75,8.75,8.75,8.75,9.00
1976-11-26,8.80,8.75,8.75,8.75,8.75,9.00
1976-12-03,8.80,8.75,8.75,8.75,8.75,9.00
1976-12-10,8.80,8.75,8.75,8.75,8.75,9.00
1976-12-17,8.80,8.75,8.75,8.75,8.75,9.00
1976-12-24,8.78,8.75,8.75,8.75,8.75,8.88
1976-12-31,8.78,8.75,8.75,8.75,8.75,8.88
1977-01-07,8.70,8.50,8.75,8.75,8.75,8.75
1977-01-14,8.73,8.75,8.75,8.63,8.75,8.75
1977-01-21,8.73,8.75,8.75,8.63,8.75,8.75
1977-01-28,8.73,8.75,8.75,8.63,8.75,8.75
1977-02-04,8.68,8.75,8.63,8.50,8.75,8.75
1977-02-11,8.70,8.75,8.63,8.63,8.75,8.75
1977-02-18,8.65,8.50,8.63,8.63,8.75,8.75
1977-02-25,8.65,8.50,8.63,8.63,8.75,8.75
1977-03-04,8.65,8.50,8.63,8.63,8.75,8.75
1977-03-11,8.70,8.75,8.63,8.63,8.75,8.75
1977-03-18,8.70,8.75,8.63,8.63,8.75,8.75
1977-03-25,8.70,8.75,8.63,8.63,8.75,8.75
1977-04-01,8.70,8.75,8.63,8.63,8.75,8.75
1977-04-08,8.75,8.75,8.63,8.63,8.75,9.00
1977-04-15,8.75,8.75,8.63,8.63,8.75,9.00
1977-04-22,8.78,8.75,8.63,8.75,8.75,9.00
1977-04-29,8.78,8.75,8.75,8.63,8.75,9.00
1977-05-06,8.78,8.75,8.75,8.63,8.75,9.00
1977-05-13,8.83,8.75,8.75,8.75,8.75,9.13
1977-05-20,8.85,8.75,8.75,8.75,8.75,9.25
1977-05-27,8.85,8.75,8.75,8.75,8.75,9.25
1977-06-03,8.85,8.75,8.75,8.75,8.75,9.25
1977-06-10,8.85,8.75,8.75,8.75,8.75,9.25
1977-06-17,8.85,8.75,8.75,8.75,8.75,9.25
1977-06-24,8.88,8.75,8.75,8.75,8.88,9.25
1977-07-01,8.95,9.00,8.75,8.75,9.00,9.25
1977-07-08,8.93,9.00,8.75,8.75,8.88,9.25
1977-07-15,8.95,9.00,8.75,8.75,9.00,9.25
1977-07-22,8.95,9.00,8.75,8.75,9.00,9.25
1977-07-29,8.93,9.00,8.75,8.75,8.88,9.25
1977-08-05,8.95,9.00,8.75,8.75,9.00,9.25
1977-08-12,8.95,9.00,8.75,8.75,9.00,9.25
1977-08-19,8.93,8.88,8.75,8.75,9.00,9.25
1977-08-26,8.93,8.88,8.75,8.75,9.00,9.25
1977-09-02,8.88,8.88,8.75,8.75,9.00,9.00
1977-09-09,8.90,9.00,8.75,8.75,9.00,9.00
1977-09-16,8.90,9.00,8.75,8.75,9.00,9.00
1977-09-23,8.90,9.00,8.75,8.75,9.00,9.00
1977-09-30,8.90,9.00,8.75,8.75,9.00,9.00
1977-10-07,8.93,9.00,8.75,8.88,9.00,9.00
1977-10-14,8.93,9.00,8.75,8.75,9.00,9.00
1977-10-21,8.93,9.00,8.75,8.88,9.00,9.00
1977-10-28,8.90,8.88,8.75,8.88,9.00,9.00
1977-11-04,8.90,8.88,8.75,8.75,9.00,9.13
1977-11-11,8.93,8.88,8.75,8.88,9.00,9.13
1977-11-18,8.93,8.88,8.75,8.88,9.00,9.13
1977-11-25,8.93,8.88,8.75,8.88,9.00,9.13
1977-12-02,8.95,8.88,8.75,8.88,9.00,9.25
1977-12-09,8.95,8.88,8.75,8.88,9.00,9.25
1977-12-16,8.95,9.00,8.75,8.75,9.00,9.25
1977-12-23,8.95,8.88,8.75,8.88,9.00,9.25
1977-12-30,9.00,8.88,8.88,9.00,9.00,9.25
1978-01-06,9.00,8.88,8.88,9.00,9.00,9.25
1978-01-13,9.03,8.88,9.00,9.00,9.00,9.25
1978-01-20,8.98,8.88,9.00,8.75,9.00,9.25
1978-01-27,9.05,9.00,9.00,9.00,9.00,9.25
1978-02-03,9.13,9.00,9.00,9.00,9.25,9.38
1978-02-10,9.15,9.00,9.00,9.13,9.25,9.38
1978-02-17,9.15,9.00,9.00,9.00,9.25,9.50
1978-02-24,9.15,9.00,9.00,9.00,9.25,9.50
1978-03-03,9.15,9.00,9.00,9.00,9.25,9.50
1978-03-10,9.15,9.00,9.00,9.00,9.25,9.50
1978-03-17,9.23,9.00,9.13,9.25,9.5,9.50
1978-03-24,9.23,9.00,9.13,9.13,9.25,9.63
1978-03-31,9.25,9.00,9.13,9.25,9.25,9.63
1978-04-07,9.28,9.13,9.13,9.25,9.25,9.63
1978-04-14,9.33,9.13,9.46,9.38,9.38,9.63
1978-04-21,9.38,9.13,9.25,9.25,9.50,9.75
1978-04-28,9.43,9.25,9.25,9.38,9.50,9.75
1978-05-05,9.48,9.25,9.25,9.50,9.63,9.75
1978-05-12,9.55,9.25,9.50,9.50,9.75,9.75
1978-05-19,9.58,9.38,9.50,9.50,9.75,9.75
1978-05-26,9.68,9.50,9.50,9.63,9.75,10.00
1978-06-02,9.68,9.50,9.50,9.63,9.75,10.00
1978-06-09,9.70,9.50,9.50,9.63,9.88,10.00
1978-06-16,9.73,9.50,9.63,9.63,9.88,10.00
1978-06-23,9.70,9.50,9.63,9.63,9.75,10.00
1978-06-30,9.73,9.50,9.63,9.75,9.75,10.00
1978-07-07,9.73,9.50,9.63,9.75,9.75,10.00
1978-07-14,9.73,9.50,9.63,9.75,9.75,10.00
1978-07-21,9.75,9.50,9.75,9.75,9.75,10.00
1978-07-28,9.75,9.50,9.75,9.75,9.75,10.00
1978-08-04,9.78,9.50,9.75,9.88,9.75,10.00
1978-08-11,9.78,9.50,9.75,9.88,9.75,10.00
1978-08-18,9.78,9.50,9.75,9.88,9.75,10.00
1978-08-25,9.80,9.63,9.75,9.88,9.75,10.00
1978-09-01,9.75,9.63,9.75,9.88,9.75,9.75
1978-09-08,9.75,9.63,9.75,9.88,9.75,9.75
1978-09-15,9.75,9.63,9.75,9.88,9.75,9.75
1978-09-22,9.75,9.63,9.75,9.88,9.75,9.75
1978-09-29,9.78,9.63,9.75,9.88,9.88,9.75
1978-10-06,9.85,9.63,9.88,9.88,9.88,10.00
1978-10-13,9.85,9.63,9.88,9.88,9.88,10.00
1978-10-20,9.85,9.63,9.88,9.88,9.88,10.00
1978-10-27,9.88,9.75,9.88,9.88,9.88,10.00
1978-11-03,9.90,9.88,9.88,9.88,9.88,10.00
1978-11-10,10.05,10.00,10.00,9.88,9.88,10.50
1978-11-17,10.20,10.00,10.25,10.00,10.25,10.50
1978-11-24,10.28,10.00,10.25,10.25,10.25,10.63
1978-12-01,10.30,10.00,10.25,10.25,10.25,10.75
1978-12-08,10.35,10.25,10.25,10.25,10.25,10.75
1978-12-15,10.35,10.25,10.25,10.25,10.25,10.75
1978-12-22,10.35,10.25,10.25,10.25,10.25,10.75
1978-12-29,10.38,10.25,10.25,10.25,10.38,10.75
1979-01-05,10.38,10.25,10.25,10.25,10.38,10.75
1979-01-12,10.38,10.25,10.25,10.25,10.38,10.75
1979-01-19,10.40,10.25,10.25,10.38,10.38,10.75
1979-01-26,10.40,10.25,10.25,10.38,10.38,10.75
1979-02-02,10.40,10.25,10.25,10.38,10.38,10.75
1979-02-09,10.43,10.25,10.25,10.38,10.50,10.75
1979-02-16,10.40,10.25,10.25,10.38,10.50,10.63
1979-02-23,10.40,10.25,10.25,10.38,10.50,10.63
1979-03-02,10.43,10.38,10.25,10.38,10.50,10.63
1979-03-09,10.40,10.38,10.25,10.38,10.50,10.50
1979-03-16,10.40,10.38,10.25,10.38,10.50,10.50
1979-03-23,10.45,10.38,10.50,10.38,10.50,10.50
1979-03-30,10.45,10.38,10.50,10.38,10.50,10.50
1979-04-06,10.48,10.38,10.50,10.38,10.50,10.63
1979-04-13,10.48,10.38,10.50,10.38,10.50,10.63
1979-04-20,10.50,10.38,10.50,10.38,10.50,10.75
1979-04-27,10.53,10.38,10.50,10.38,10.50,10.88
1979-05-04,10.60,10.50,10.63,10.38,10.50,11.00
1979-05-11,10.68,10.50,10.63,10.38,10.75,11.13
1979-05-18,10.73,10.63,10.63,10.38,10.75,11.25
1979-05-25,10.75,10.63,10.63,10.38,10.88,11.25
1979-06-01,10.90,10.75,11.00,10.38,10.88,11.50
1979-06-08,11.03,10.75,11.00,10.75,10.88,11.75
1979-06-15,11.05,10.88,11.00,10.75,10.88,11.75
1979-06-22,11.10,10.88,11.00,11.00,10.88,11.75
1979-06-29,11.10,10.88,11.00,11.00,10.88,11.75
1979-07-06,11.13,10.88,11.00,11.13,10.88,11.75
1979-07-13,11.08,10.88,11.00,11.13,10.88,11.50
1979-07-20,11.08,10.88,11.00,11.00,11.00,11.50
1979-07-27,11.08,10.88,11.00,11.00,11.00,11.50
1979-08-03,11.08,10.88,11.00,11.00,11.00,11.50
1979-08-10,11.08,10.88,11.00,11.00,11.00,11.50
1979-08-17,11.08,10.88,11.00,11.00,11.00,11.50
1979-08-24,11.10,11.00,11.00,11.00,11.00,11.50
1979-08-31,11.13,11.13,11.00,11.00,11.00,11.50
1979-09-07,11.20,11.13,11.00,11.13,11.00,11.75
1979-09-14,11.30,11.13,11.25,11.13,11.00,12.00
1979-09-21,11.35,11.25,11.25,11.25,11.00,12.00
1979-09-28,11.35,11.25,11.25,11.25,11.00,12.00
1979-10-05,11.35,11.25,11.25,11.25,11.00,12.00
1979-10-12,11.45,11.25,11.25,11.50,11.00,12.25
1979-10-19,11.75,11.75,11.75,11.50,11.25,12.50
1979-10-26,12.00,12.00,11.75,11.50,11.25,13.50
1979-11-02,12.80,12.25,13.25,12.75,12.25,13.50
1979-11-09,12.85,12.50,13.50,12.75,12.25,13.25
1979-11-16,12.80,12.75,13.25,12.75,12.25,13.00
1979-11-23,12.80,12.75,13.25,12.75,12.25,13.00
1979-11-30,12.90,12.75,13.25,13.25,12.25,13.00
1979-12-07,12.90,12.75,13.25,13.25,12.25,13.00
1979-12-14,12.90,12.75,13.25,13.25,12.25,13.00
1979-12-21,12.90,12.75,13.25,13.25,12.25,13.00
1979-12-28,12.90,12.75,13.25,13.25,12.25,13.00
1980-01-04,12.85,12.75,13.25,13.00,12.25,13.00
1980-01-11,12.90,12.75,13.00,13.00,12.75,13.00
1980-01-18,12.87,12.75,12.88,13.00,12.75,13.00
1980-01-25,12.89,12.88,12.88,13.00,12.75,13.00
1980-02-01,12.85,12.88,12.88,12.75,12.75,13.00
1980-02-08,12.85,12.88,12.88,12.75,12.75,13.00
1980-02-15,12.88,12.88,13.00,12.75,12.75,13.00
1980-02-22,13.03,12.88,13.00,13.00,12.75,13.25
1980-02-29,13.59,13.00,14.00,13.25,13.45,15.25
1980-03-07,14.00,13.00,14.00,14.25,13.50,16.50
1980-03-14,15.40,15.00,15.25,15.25,15.00,16.50
1980-03-21,15.70,15.52,15.75,15.75,15.00,17.00
1980-03-28,16.03,16.13,15.75,16.25,15.00,17.00
1980-04-04,16.35,16.25,16.25,16.25,16.00,17.00
1980-04-11,16.35,16.25,16.25,16.25,16.00,17.00
1980-04-18,16.35,16.25,16.25,16.25,16.00,17.00
1980-04-25,16.25,16.25,16.25,16.25,16.00,16.50
1980-05-02,15.90,16.25,15.75,15.50,16.00,16.00
1980-05-09,14.68,15.75,14.88,14.00,14.75,14.00
1980-05-16,14.15,14.50,13.75,13.75,14.75,14.00
1980-05-23,13.38,13.50,13.50,13.50,13.63,12.50
1980-05-30,13.20,13.50,13.25,13.25,13.25,12.75
1980-06-06,13.06,13.50,13.25,13.00,12.80,12.75
1980-06-13,12.85,13.25,13.00,13.00,12.50,12.50
1980-06-20,12.58,12.88,12.50,12.50,12.50,12.50
1980-06-27,12.35,12.50,12.50,12.25,12.25,12.25
1980-07-04,12.18,12.38,12.50,12.25,12.25,11.78
1980-07-11,12.23,12.50,12.25,12.25,12.25,11.88
1980-07-18,12.18,12.38,12.25,12.25,12.00,12.00
1980-07-25,12.18,12.38,12.25,12.25,12.00,12.00
1980-08-01,12.25,12.50,12.25,12.38,11.88,12.25
1980-08-08,12.25,12.50,12.13,12.50,11.88,12.25
1980-08-15,12.55,12.50,12.25,12.50,12.25,13.25
1980-08-22,12.80,12.75,12.50,13.00,12.50,13.25
1980-08-29,12.95,12.88,12.75,13.00,12.75,13.38
1980-09-05,13.03,12.88,12.75,13.25,12.75,13.50
1980-09-12,13.08,12.88,12.75,13.25,13.00,13.50
1980-09-19,13.25,13.00,13.00,13.25,13.25,13.75
1980-09-26,13.43,13.13,13.25,13.25,13.50,14.00
1980-10-03,13.60,13.50,13.50,13.25,13.75,14.00
1980-10-10,13.73,13.63,13.75,13.50,13.75,14.00
1980-10-17,13.78,13.63,13.75,13.75,13.75,14.00
1980-10-24,13.85,13.63,14.13,13.75,13.75,14.00
1980-10-31,14.00,13.88,14.13,13.75,14.00,14.25
1980-11-07,14.08,13.88,14.25,13.75,14.00,14.50
1980-11-14,14.18,13.88,14.25,14.00,14.25,14.50
1980-11-21,14.28,14.13,14.25,14.00,14.50,14.50
1980-11-28,14.28,14.13,14.25,14.00,14.50,14.50
1980-12-05,14.43,14.13,14.25,14.25,14.50,15.00
1980-12-12,14.83,14.63,14.50,14.50,14.50,16.00
1980-12-19,14.95,14.88,14.63,14.75,14.50,16.00
1980-12-26,14.95,14.88,14.63,14.75,14.50,16.00
1981-01-02,14.95,14.88,14.50,14.75,15.25,15.38
1981-01-09,14.80,14.75,14.50,14.75,15.00,15.00
1981-01-16,14.85,14.75,14.75,14.75,15.00,15.00
1981-01-23,14.85,14.75,14.75,15.00,15.00,15.00
1981-01-30,15.07,15.11,14.94,14.97,15.08,15.15
1981-02-06,15.00,15.22,14.93,15.06,14.89,14.96
1981-02-13,15.03,15.18,15.07,14.82,14.88,15.14
1981-02-20,15.20,15.50,15.10,15.10,15.10,15.30
1981-02-27,15.30,15.60,15.00,15.30,15.20,15.30
1981-03-06,15.40,15.60,15.20,15.30,15.00,15.50
1981-03-13,15.40,15.60,15.30,15.30,15.40,15.50
1981-03-20,15.40,15.60,15.30,15.60,15.30,15.30
1981-03-27,15.40,15.50,15.30,15.50,15.30,15.40
1981-04-03,15.40,15.50,15.30,15.50,15.30,15.50
1981-04-10,15.50,15.60,15.30,15.50,15.30,15.70
1981-04-17,15.65,15.79,15.45,15.58,15.51,15.77
1981-04-24,15.77,15.75,15.49,15.87,15.61,15.88
1981-05-01,15.82,15.84,15.68,15.89,15.66,15.88
1981-05-08,16.12,16.22,15.69,16.04,15.77,16.43
1981-05-15,16.64,16.85,16.15,16.63,15.98,17.00
1981-05-22,16.63,16.87,16.22,16.81,16.23,16.75
1981-05-29,16.80,16.77,16.31,16.91,16.35,17.09
1981-06-05,16.76,16.90,16.38,16.91,16.61,16.81
1981-06-12,16.69,16.65,16.53,16.76,16.69,16.69
1981-06-19,16.71,16.55,16.62,16.81,16.29,16.91
1981-06-26,16.62,16.58,16.61,16.63,16.33,16.75
1981-07-03,16.64,16.54,16.61,16.79,16.37,16.72
1981-07-10,16.79,16.80,16.57,16.81,16.70,16.87
1981-07-17,16.74,16.76,16.12,17.05,16.66,16.80
1981-07-24,16.88,17.02,16.56,17.09,16.71,16.90
1981-07-31,17.11,17.17,16.87,17.39,16.98,17.08
1981-08-07,17.13,17.28,16.70,17.37,16.89,17.19
1981-08-14,17.27,17.34,17.04,17.52,17.07,17.27
1981-08-21,17.26,17.42,16.81,17.52,17.06,17.30
1981-08-28,17.48,17.41,17.01,17.65,17.18,17.70
1981-09-04,17.79,17.83,17.32,17.87,17.40,18.06
1981-09-11,18.22,17.82,17.41,18.06,18.09,18.74
1981-09-18,18.27,18.46,17.69,18.30,17.97,18.51
1981-09-25,18.36,18.50,17.64,18.29,18.42,18.58
1981-10-02,18.28,18.43,17.73,18.29,17.89,18.57
1981-10-09,18.63,18.66,18.37,18.52,18.33,18.89
1981-10-16,18.53,18.56,18.37,18.46,18.50,18.62
1981-10-21,18.39,18.43,18.48,18.28,18.40,18.41
1981-10-30,18.44,18.40,18.48,18.37,18.37,18.50
1981-11-06,18.37,18.40,18.60,18.42,18.34,18.28
1981-11-13,18.02,18.05,18.60,18.00,17.97,17.85
1981-11-20,17.70,17.78,18.60,17.66,17.89,17.32
1981-11-27,17.21,17.78,17.36,17.43,17.20,16.86
1981-12-04,16.90,17.01,17.37,17.22,17.02,16.50
1981-12-11,16.94,16.79,17.37,17.11,17.30,16.61
1981-12-18,16.90,17.20,17.37,17.06,16.92,16.55
1981-12-25,16.95,17.06,17.37,17.07,16.76,16.78
1981-12-31,17.04,17.06,17.37,17.09,16.95,16.93
1982-01-08,17.30,17.20,18.31,17.28,16.93,17.14
1982-01-15,17.44,17.51,18.31,17.40,17.14,17.25
1982-01-22,17.61,17.57,18.31,17.57,17.31,17.52
1982-01-29,17.59,17.50,18.31,17.58,17.21,17.53
1982-02-05,17.56,17.65,17.70,17.66,17.50,17.45
1982-02-12,17.65,17.70,17.95,17.69,17.16,17.72
1982-02-19,17.66,17.84,17.82,17.85,17.35,17.56
1982-02-26,17.52,17.87,17.65,17.74,17.36,17.30
1982-03-05,17.29,17.36,17.58,17.43,17.14,17.12
1982-03-12,17.19,17.13,17.53,17.23,17.10,17.07
1982-03-19,17.12,17.11,17.43,17.26,17.21,16.88
1982-03-26,17.04,17.08,17.34,17.31,16.99,16.79
1982-04-02,16.95,16.96,17.34,17.15,16.74,16.78
1982-04-09,16.91,16.98,17.34,17.07,16.69,16.72
1982-04-16,16.93,17.12,17.19,17.05,16.81,16.74
1982-04-23,16.86,16.85,17.24,17.03,16.68,16.70
1982-04-30,16.81,16.80,17.19,16.95,16.72,16.61
1982-05-07,16.78,16.84,17.11,16.89,16.62,16.62
1982-05-14,16.63,16.81,16.98,16.89,16.46,16.35
1982-05-21,16.67,16.75,17.12,16.85,16.55,16.42
1982-05-28,16.63,16.74,16.93,16.81,16.43,16.46
1982-06-04,16.65,16.69,16.93,16.80,16.56,16.48
1982-06-11,16.70,16.67,16.90,16.81,16.45,16.68
1982-06-18,16.71,16.77,16.90,16.85,16.46,16.65
1982-06-25,16.73,16.85,16.86,16.90,16.49,16.65
1982-07-02,16.87,16.94,16.92,17.05,16.72,16.82
1982-07-09,16.93,17.10,16.92,17.15,16.81,16.80
1982-07-16,16.88,17.12,16.92,17.15,16.84,16.64
1982-07-23,16.75,16.87,16.82,16.84,16.68,16.67
1982-07-30,16.65,16.77,16.82,16.93,16.62,16.38
1982-08-06,16.55,16.77,16.82,16.89,16.44,16.22
1982-08-13,16.44,16.77,16.56,16.72,16.21,16.21
1982-08-20,16.21,16.51,16.54,16.55,16.13,15.79
1982-08-27,15.88,16.28,16.39,16.21,15.76,15.36
1982-09-03,15.59,15.90,16.39,15.80,15.45,15.06
1982-09-10,15.56,15.83,16.35,15.59,15.45,15.12
1982-09-17,15.38,15.77,15.97,15.60,15.11,14.98
1982-09-24,15.19,15.46,15.56,15.24,15.17,14.90
1982-10-01,15.13,15.60,15.48,15.17,15.00,14.82
1982-10-08,14.96,14.99,15.29,14.97,14.99,14.78
1982-10-15,14.60,14.78,15.06,14.97,14.57,14.15
1982-10-22,14.20,14.64,14.74,14.50,14.23,13.61
1982-10-29,14.15,14.85,14.74,14.19,13.80,13.73
1982-11-05,13.91,14.07,14.61,14.18,13.64,13.53
1982-11-12,13.84,13.96,14.31,14.09,13.72,13.51
1982-11-19,13.78,14.00,14.19,13.95,13.66,13.47
1982-11-26,13.77,14.22,14.31,13.92,13.48,13.40
1982-12-03,13.66,13.58,14.31,13.87,13.43,13.41
1982-12-10,13.66,13.64,14.13,13.80,13.55,13.43
1982-12-17,13.63,13.66,14.16,13.70,13.47,13.41
1982-12-24,13.60,13.50,14.16,13.65,13.47,13.42
1982-12-31,13.57,13.57,14.16,13.57,13.41,13.39
1983-01-07,13.46,13.30,14.06,13.39,13.33,13.36
1983-01-14,13.31,13.28,14.06,13.27,13.16,13.06
1983-01-21,13.12,13.14,14.06,13.04,12.95,12.80
1983-01-28,13.10,13.28,13.24,13.09,13.02,13.01
1983-02-04,13.06,13.12,13.21,13.08,13.16,12.92
1983-02-11,13.06,13.14,13.21,13.07,13.21,12.89
1983-02-18,13.07,13.20,13.21,13.07,13.26,12.86
1983-02-25,12.98,13.05,13.21,12.99,13.12,12.78
1983-03-04,12.74,12.87,12.44,12.83,12.98,12.66
1983-03-11,12.79,12.98,12.90,12.87,12.78,12.63
1983-03-18,12.81,12.80,12.89,12.87,12.86,12.71
1983-03-25,12.86,13.05,12.86,12.89,12.93,12.74
1983-04-01,12.82,12.99,12.84,12.90,12.84,12.68
1983-04-08,12.82,12.95,12.84,12.87,12.90,12.68
1983-04-15,12.79,12.94,12.84,12.89,12.78,12.67
1983-04-22,12.75,12.80,12.83,12.87,12.73,12.64
1983-04-29,12.73,12.79,12.68,12.85,12.80,12.64
1983-05-06,12.71,12.82,12.68,12.83,12.80,12.57
1983-05-13,12.59,12.80,12.63,12.66,12.61,12.44
1983-05-20,12.55,12.59,12.61,12.64,12.54,12.46
1983-05-27,12.68,12.56,12.61,12.76,12.66,12.73
1983-06-03,12.74,12.62,12.61,12.80,12.80,12.80
1983-06-10,12.82,12.66,12.83,12.93,12.84,12.83
1983-06-17,12.96,12.87,12.82,12.99,12.98,13.02
1983-06-24,12.96,12.81,12.82,13.08,13.03,13.00
1983-07-01,13.08,12.79,12.85,13.32,13.23,13.12
1983-07-08,13.30,13.69,12.86,13.73,13.24,13.16
1983-07-15,13.50,13.69,12.86,13.77,13.45,13.60
1983-07-22,13.58,13.86,13.03,13.76,13.75,13.50
1983-07-29,13.65,13.84,13.28,13.82,13.60,13.60
1983-08-05,13.73,13.98,13.28,13.97,13.49,13.81
1983-08-12,13.84,14.19,13.03,14.04,13.76,14.00
1983-08-19,13.89,14.06,13.54,14.11,13.85,13.88
1983-08-26,13.78,14.06,13.65,13.88,13.69,13.72
1983-09-02,13.77,14.09,13.65,13.79,13.66,13.73
1983-09-09,13.77,14.12,13.65,13.76,13.76,13.69
1983-09-16,13.72,14.04,13.69,13.77,13.68,13.60
1983-09-23,13.72,13.94,13.65,13.80,13.69,13.62
1983-09-30,13.65,13.84,13.63,13.80,13.52,13.57
1983-10-07,13.59,13.75,13.57,13.67,13.52,13.53
1983-10-14,13.60,13.68,13.60,13.64,13.54,13.58
1983-10-21,13.52,13.67,13.60,13.62,13.43,13.43
1983-10-28,13.43,13.48,13.58,13.58,13.38,13.29
1983-11-04,13.42,13.53,13.58,13.53,13.42,13.24
1983-11-11,13.47,13.62,13.56,13.57,13.44,13.33
1983-11-18,13.42,13.43,13.48,13.56,13.33,13.34
1983-11-25,13.43,13.45,13.47,13.55,13.47,13.32
1983-12-02,13.41,13.41,13.43,13.54,13.43,13.32
1983-12-09,13.38,13.40,13.44,13.54,13.42,13.24
1983-12-16,13.42,13.43,13.41,13.58,13.46,13.34
1983-12-23,13.46,13.66,13.41,13.57,13.51,13.32
1983-12-30,13.43,13.56,13.41,13.55,13.53,13.26
1984-01-06,13.43,13.51,13.41,13.45,13.53,13.34
1984-01-13,13.40,13.36,13.42,13.47,13.54,13.30
1984-01-20,13.35,13.42,13.35,13.36,13.46,13.26
1984-01-27,13.29,13.36,13.30,13.26,13.40,13.20
1984-02-03,13.26,13.21,13.30,13.21,13.45,13.20
1984-02-10,13.23,13.17,13.31,13.10,13.39,13.21
1984-02-17,13.19,13.15,13.28,13.16,13.23,13.17
1984-02-24,13.25,13.32,13.27,13.16,13.31,13.25
1984-03-02,13.23,13.35,13.28,13.14,13.35,13.16
1984-03-09,13.30,13.23,13.29,13.17,13.43,13.32
1984-03-16,13.37,13.40,13.28,13.29,13.49,13.37
1984-03-23,13.48,13.69,13.31,13.35,13.52,13.51
1984-03-30,13.55,13.63,13.38,13.48,13.54,13.62
1984-04-06,13.63,13.68,13.46,13.59,13.67,13.68
1984-04-13,13.58,13.72,13.47,13.64,13.67,13.51
1984-04-20,13.67,13.78,13.51,13.82,13.76,13.58
1984-04-27,13.73,13.99,13.53,13.87,13.87,13.59
1984-05-04,13.78,13.94,13.59,13.89,13.84,13.73
1984-05-11,13.87,14.00,13.63,13.96,13.97,13.81
1984-05-18,14.04,14.15,13.68,14.11,14.22,14.04
1984-05-25,14.08,14.43,13.76,14.20,14.16,13.97
1984-06-01,14.29,14.62,13.92,14.37,14.38,14.24
1984-06-08,14.33,14.60,14.01,14.58,14.48,14.16
1984-06-15,14.47,14.76,14.09,14.63,14.81,14.27
1984-06-22,14.49,14.53,14.11,14.59,14.72,14.48
1984-06-29,14.50,14.63,14.11,14.73,14.57,14.49
1984-07-06,14.66,14.91,14.14,14.71,14.76,14.72
1984-07-13,14.68,14.87,14.74,14.63,14.87,14.50
1984-07-20,14.66,14.88,14.72,14.60,14.74,14.54
1984-07-27,14.67,14.71,14.73,14.62,14.81,14.56
1984-08-03,14.68,14.75,14.68,14.61,14.83,14.60
1984-08-10,14.54,14.62,14.68,14.49,14.70,14.38
1984-08-17,14.39,14.64,14.62,14.10,14.48,14.28
1984-08-24,14.36,14.46,14.40,14.18,14.53,14.30
1984-08-31,14.38,14.53,14.40,14.38,14.47,14.26
1984-09-07,14.42,14.50,14.39,14.35,14.54,14.38
1984-09-14,14.43,14.60,14.39,14.37,14.52,14.37
1984-09-21,14.29,14.33,14.37,14.26,14.30,14.23
1984-09-28,14.26,14.38,14.35,14.14,14.24,14.25
1984-10-05,14.18,14.24,14.31,14.10,14.23,14.11
1984-10-12,14.19,14.27,14.28,14.11,14.17,14.17
1984-10-19,14.10,14.10,14.24,14.06,13.98,14.10
1984-10-26,14.05,14.02,14.24,13.92,13.94,14.08
1984-11-02,13.85,13.65,14.05,13.70,13.90,13.90
1984-11-09,13.74,13.62,14.02,13.61,13.59,13.80
1984-11-16,13.63,13.68,14.02,13.50,13.46,13.58
1984-11-23,13.55,13.49,13.92,13.45,13.49,13.48
1984-11-30,13.42,13.18,13.80,13.34,13.29,13.47
1984-12-07,13.20,13.17,13.56,13.20,13.21,13.05
1984-12-14,13.20,13.18,13.47,13.16,13.13,13.14
1984-12-21,13.18,13.23,13.47,13.08,13.04,13.14
1984-12-28,13.14,13.20,13.47,13.04,12.97,13.11
1985-01-04,13.10,13.04,13.45,13.03,12.92,13.10
1985-01-11,13.12,13.06,13.51,12.99,12.93,13.12
1985-01-18,13.12,13.17,13.39,12.93,13.08,13.10
1985-01-25,12.96,12.94,12.97,12.95,12.95,12.97
1985-02-01,12.93,12.85,12.97,12.90,12.84,13.00
1985-02-08,12.91,12.97,12.97,12.83,12.92,12.88
1985-02-15,12.90,13.00,12.90,12.86,12.88,12.89
1985-02-22,12.94,13.01,12.89,12.83,12.92,12.99
1985-03-01,13.02,13.07,12.94,13.00,12.90,13.12
1985-03-08,13.10,13.13,12.94,13.03,12.91,13.29
1985-03-15,13.20,13.20,12.98,13.16,13.08,13.38
1985-03-22,13.24,13.19,13.05,13.21,13.19,13.39
1985-03-29,13.29,13.22,13.08,13.26,13.19,13.49
1985-04-05,13.27,13.27,13.07,13.22,13.12,13.45
1985-04-12,13.23,13.23,13.06,13.21,13.13,13.37
1985-04-19,13.16,13.13,13.16,13.13,13.10,13.22
1985-04-26,13.12,13.01,13.10,13.11,12.98,13.27
1985-05-03,13.07,13.04,13.04,13.05,12.89,13.19
1985-05-10,13.02,12.94,13.08,13.04,12.87,13.13
1985-05-17,12.94,12.91,12.98,12.96,12.85,12.98
1985-05-24,12.83,12.83,12.83,12.79,12.76,12.87
1985-05-31,12.71,12.63,12.83,12.69,12.60,12.75
1985-06-07,12.39,12.40,12.76,12.27,12.62,12.16
1985-06-14,12.27,12.25,12.57,12.19,12.31,12.16
1985-06-21,12.05,12.21,12.17,11.98,12.09,11.95
1985-06-28,12.15,12.30,12.01,12.01,12.14,12.22
1985-07-05,12.13,12.24,12.17,11.98,12.26,12.08
1985-07-12,12.03,12.20,12.08,11.89,11.97,12.03
1985-07-19,11.94,12.10,11.86,11.93,11.78,12.00
1985-07-26,12.03,12.22,11.93,12.03,11.92,12.05
1985-08-02,12.17,12.26,12.15,12.08,12.08,12.23
1985-08-09,12.23,12.34,12.07,12.17,12.14,12.32
1985-08-16,12.24,12.33,12.14,12.19,12.10,12.35
1985-08-23,12.18,12.20,12.05,12.25,11.99,12.29
1985-08-30,12.11,12.11,11.93,12.20,11.98,12.23
1985-09-06,12.15,12.27,12.00,12.18,11.97,12.24
1985-09-13,12.24,12.27,12.06,12.22,12.20,12.34
1985-09-20,12.21,12.22,12.14,12.23,12.10,12.29
1985-09-27,12.17,12.15,12.04,12.23,12.08,12.26
1985-10-04,12.17,12.15,12.02,12.25,12.03,12.27
1985-10-11,12.17,12.17,12.11,12.23,12.05,12.22
1985-10-18,12.13,12.10,11.98,12.21,12.00,12.22
1985-10-25,12.07,12.00,12.00,12.13,11.92,12.18
1985-11-01,12.01,12.06,11.94,12.07,11.87,12.06
1985-11-08,11.90,11.92,11.78,12.01,11.76,11.96
1985-11-15,11.79,11.83,11.70,11.87,11.61,11.87
1985-11-22,11.64,11.65,11.53,11.75,11.50,11.72
1985-11-29,11.58,11.62,11.60,11.67,11.48,11.55
1985-12-06,11.50,11.60,11.41,11.59,11.38,11.51
1985-12-13,11.31,11.15,11.15,11.54,11.03,11.38
1985-12-20,11.14,11.26,10.91,11.29,11.00,11.19
1985-12-27,11.09,11.22,10.86,11.21,10.96,11.14
1986-01-03,10.81,11.01,10.59,10.96,10.76,10.77
1986-01-10,10.77,10.90,10.63,10.87,10.72,10.76
1986-01-17,10.99,11.01,11.13,11.01,10.85,10.96
1986-01-24,10.97,11.00,10.89,11.00,10.90,11.00
1986-01-31,10.89,10.93,10.73,11.01,10.67,10.99
1986-02-07,10.85,10.96,10.70,10.94,10.69,10.89
1986-02-14,10.80,10.80,10.63,10.95,10.63,10.89
1986-02-21,10.68,10.74,10.54,10.78,10.54,10.73
1986-02-28,10.51,10.62,10.40,10.66,10.36,10.52
1986-03-07,10.20,10.41,10.00,10.35,10.10,10.16
1986-03-14,10.01,10.16,9.91,10.14,9.99,9.93
1986-03-21,10.01,10.19,10.00,9.80,9.98,10.04
1986-03-28,10.10,10.16,9.94,10.21,9.97,10.15
1986-04-04,9.99,10.00,9.93,10.14,9.92,10.01
1986-04-11,9.98,10.05,9.91,10.15,9.89,9.94
1986-04-18,9.92,9.94,9.88,10.10,9.87,9.86
1986-04-25,9.86,9.90,9.81,10.06,9.73,9.85
1986-05-02,9.90,9.89,9.82,10.07,9.84,9.93
1986-05-09,10.00,9.97,9.91,10.16,9.93,10.03
1986-05-16,10.08,10.04,10.09,10.19,9.99,10.15
1986-05-23,10.36,10.31,10.39,10.46,10.31,10.42
1986-05-30,10.38,10.36,10.36,10.48,10.30,10.44
1986-06-06,10.74,10.69,10.76,10.79,10.59,10.88
1986-06-13,10.76,10.72,10.71,10.87,10.63,10.89
1986-06-20,10.61,10.58,10.58,10.80,10.52,10.62
1986-06-27,10.62,10.62,10.59,10.76,10.52,10.66
1986-07-04,10.61,10.59,10.64,10.73,10.50,10.63
1986-07-11,10.59,10.55,10.59,10.75,10.49,10.60
1986-07-18,10.43,10.36,10.39,10.63,10.32,10.50
1986-07-25,10.40,10.33,10.39,10.63,10.30,10.43
1986-08-01,10.40,10.36,10.37,10.60,10.31,10.42
1986-08-08,10.40,10.40,10.36,10.59,10.27,10.45
1986-08-15,10.23,10.17,10.16,10.54,10.07,10.28
1986-08-22,10.04,9.99,10.06,10.46,9.81,10.03
1986-08-29,9.93,9.85,9.89,10.12,9.85,10.01
1986-09-05,9.90,9.90,9.82,10.11,9.80,9.91
1986-09-12,9.96,9.93,9.85,10.29,9.89,9.92
1986-09-19,10.07,10.01,10.05,10.27,10.01,10.08
1986-09-26,10.10,10.13,10.09,10.28,9.93,10.10
1986-10-03,10.08,10.11,9.98,10.30,9.93,10.11
1986-10-10,9.99,10.00,9.93,10.15,9.85,10.04
1986-10-17,9.96,9.96,9.88,10.18,9.87,9.98
1986-10-24,9.95,9.96,9.90,10.14,9.83,9.98
1986-10-31,9.89,9.90,9.79,10.11,9.80,9.91
1986-11-07,9.83,9.82,9.74,10.03,9.75,9.83
1986-11-14,9.81,9.83,9.77,10.01,9.73,9.76
1986-11-21,9.64,9.59,9.65,9.87,9.55,9.60
1986-11-28,9.50,9.49,9.42,9.77,9.41,9.46
1986-12-05,9.30,9.26,9.22,9.62,9.18,9.31
1986-12-12,9.35,9.36,9.30,9.56,9.20,9.39
1986-12-19,9.30,9.26,9.26,9.52,9.21,9.32
1986-12-26,9.29,9.23,9.21,9.53,9.20,9.35
1987-01-02,9.37,9.34,9.23,9.60,9.36,9.36
1987-01-09,9.32,9.24,9.24,9.51,9.23,9.43
1987-01-16,9.21,9.19,9.08,9.47,9.12,9.25
1987-01-23,9.04,9.02,8.95,9.35,8.93,9.04
1987-01-30,9.08,9.01,9.00,9.29,9.04,9.10
1987-02-06,9.06,9.02,8.96,9.27,9.05,9.05
1987-02-13,9.09,9.03,9.08,9.27,9.06,9.06
1987-02-20,9.11,9.11,9.07,9.26,9.03,9.13
1987-02-27,9.07,9.02,9.05,9.21,9.02,9.08
1987-03-06,9.03,8.97,9.00,9.21,9.02,9.02
1987-03-13,9.05,8.97,9.05,9.19,9.04,9.07
1987-03-20,9.03,8.99,8.98,9.17,8.98,9.06
1987-03-27,9.03,9.00,9.03,9.15,8.96,9.05
1987-04-03,9.26,9.31,9.23,9.28,9.18,9.29
1987-04-10,9.43,9.48,9.37,9.41,9.37,9.50
1987-04-17,10.27,10.25,10.30,10.28,10.11,10.42
1987-04-24,10.37,10.38,10.31,10.42,10.34,10.43
1987-05-01,10.47,10.47,10.45,10.54,10.40,10.48
1987-05-08,10.52,10.54,10.46,10.60,10.44,10.55
1987-05-15,10.48,10.50,10.45,10.55,10.42,10.49
1987-05-22,10.81,10.76,10.87,10.81,10.73,10.91
1987-05-29,10.70,10.71,10.68,10.81,10.55,10.76
1987-06-05,10.70,10.69,10.64,10.74,10.59,10.85
1987-06-12,10.66,10.67,10.55,10.74,10.58,10.74
1987-06-19,10.44,10.43,10.43,10.57,10.32,10.50
1987-06-26,10.35,10.37,10.22,10.44,10.31,10.42
1987-07-03,10.36,10.40,10.31,10.43,10.23,10.44
1987-07-10,10.30,10.29,10.24,10.35,10.18,10.43
1987-07-17,10.23,10.24,10.15,10.32,10.11,10.34
1987-07-24,10.23,10.28,10.15,10.27,10.14,10.29
1987-07-31,10.27,10.27,10.26,10.34,10.19,10.32
1987-08-07,10.35,10.35,10.28,10.40,10.30,10.43
1987-08-14,10.34,10.37,10.27,10.38,10.26,10.43
1987-08-21,10.30,10.31,10.30,10.35,10.16,10.38
1987-08-28,10.33,10.33,10.30,10.40,10.24,10.38
1987-09-04,10.63,10.63,10.63,10.58,10.55,10.73
1987-09-11,10.91,10.92,10.89,10.94,10.85,10.97
1987-09-18,10.99,10.97,11.04,11.00,10.96,11.00
1987-09-25,11.02,10.97,10.96,11.12,10.96,11.09
1987-10-02,11.18,11.13,11.15,11.23,11.13,11.26
1987-10-09,11.21,11.22,11.13,11.26,11.17,11.30
1987-10-16,11.58,11.59,11.53,11.54,11.61,11.64
1987-10-23,11.36,11.27,11.43,11.57,11.12,11.51
1987-10-30,10.97,10.96,10.96,11.08,10.85,11.02
1987-11-06,10.79,10.78,10.77,10.95,10.64,10.83
1987-11-13,10.66,10.67,10.63,10.78,10.55,10.71
1987-11-20,10.60,10.59,10.56,10.70,10.53,10.64
1987-11-27,10.55,10.52,10.54,10.66,10.48,10.60
1987-12-04,10.60,10.58,10.61,10.64,10.50,10.67
1987-12-11,10.66,10.64,10.71,10.63,10.56,10.75
1987-12-18,10.69,10.65,10.70,10.73,10.56,10.82
1987-12-25,10.64,10.60,10.69,10.67,10.53,10.73
1987-12-31,10.61,10.59,10.61,10.68,10.52,10.69
1988-01-08,10.50,10.45,10.59,10.50,10.42,10.54
1988-01-15,10.53,10.49,10.55,10.56,10.45,10.59
1988-01-22,10.34,10.35,10.35,10.38,10.23,10.39
1988-01-29,10.16,10.11,10.23,10.22,10.04,10.24
1988-02-05,9.94,9.88,9.98,10.02,9.85,10.02
1988-02-12,9.84,9.82,9.86,9.92,9.70,9.93
1988-02-19,9.92,9.89,9.87,9.92,9.85,10.04
1988-02-26,9.87,9.89,9.83,9.94,9.74,9.99
1988-03-04,9.85,9.78,9.78,9.91,9.84,9.96
1988-03-11,9.96,9.89,9.93,9.96,9.97,10.07
1988-03-18,9.92,9.86,9.86,9.96,9.87,10.03
1988-03-25,9.99,9.94,9.97,9.98,9.96,10.08
1988-04-01,10.05,10.02,10.01,10.04,10.00,10.17
1988-04-08,10.19,10.13,10.18,10.19,10.11,10.33
1988-04-15,10.19,10.18,10.16,10.20,10.10,10.19
1988-04-22,10.30,10.24,10.25,10.33,10.28,10.42
1988-04-29,10.28,10.21,10.23,10.34,10.30,10.35
1988-05-06,10.32,10.24,10.27,10.32,10.30,10.46
1988-05-13,10.40,10.32,10.40,10.38,10.42,10.48
1988-05-20,10.52,10.47,10.53,10.49,10.51,10.60
1988-05-27,10.58,10.54,10.58,10.59,10.52,10.67
1988-06-03,10.58,10.57,10.59,10.62,10.48,10.67
1988-06-10,10.51,10.49,10.51,10.56,10.41,10.59
1988-06-17,10.35,10.39,10.34,10.36,10.35,10.39
1988-06-24,10.40,10.36,10.41,10.42,10.35,10.48
1988-07-01,10.39,10.34,10.40,10.43,10.33,10.45
1988-07-08,10.38,10.32,10.37,10.41,10.34,10.48
1988-07-15,10.44,10.36,10.42,10.47,10.44,10.52
1988-07-22,10.46,10.38,10.47,10.51,10.43,10.55
1988-07-29,10.49,10.43,10.42,10.55,10.46,10.59
1988-08-05,10.44,10.43,10.42,10.51,10.36,10.50
1988-08-12,10.57,10.51,10.59,10.64,10.48,10.67
1988-08-19,10.71,10.66,10.72,10.73,10.61,10.84
1988-08-26,10.67,10.64,10.69,10.74,10.53,10.78
1988-09-02,10.65,10.63,10.63,10.74,10.51,10.76
1988-09-09,10.53,10.48,10.51,10.68,10.43,10.59
1988-09-16,10.40,10.32,10.42,10.52,10.31,10.46
1988-09-23,10.40,10.33,10.39,10.49,10.32,10.48
1988-09-30,10.42,10.36,10.40,10.51,10.37,10.51
1988-10-07,10.38,10.28,10.44,10.43,10.35,10.45
1988-10-14,10.33,10.21,10.35,10.39,10.33,10.42
1988-10-21,10.28,10.19,10.28,10.35,10.24,10.38
1988-10-28,10.22,10.17,10.25,10.26,10.16,10.29
1988-11-04,10.12,10.07,10.15,10.17,10.09,10.16
1988-11-11,10.24,10.18,10.28,10.22,10.19,10.34
1988-11-18,10.31,10.26,10.33,10.31,10.24,10.43
1988-11-25,10.39,10.32,10.41,10.33,10.36,10.51
1988-12-02,10.44,10.39,10.45,10.44,10.35,10.55
1988-12-09,10.46,10.38,10.50,10.55,10.39,10.52
1988-12-16,10.71,10.66,10.73,10.68,10.67,10.80
1988-12-23,10.68,10.62,10.69,10.73,10.60,10.79
1988-12-30,10.77,10.73,10.81,10.83,10.68,10.85
1989-01-06,10.80,10.77,10.85,10.83,10.68,10.90
1989-01-13,10.81,10.75,10.83,10.89,10.71,10.90
1989-01-20,10.71,10.63,10.71,10.79,10.62,10.81
1989-01-27,10.60,10.55,10.59,10.69,10.56,10.66
1989-02-03,10.55,10.46,10.57,10.66,10.48,10.61
1989-02-10,10.56,10.49,10.62,10.62,10.51,10.61
1989-02-17,10.69,10.63,10.69,10.79,10.56,10.76
1989-02-24,10.78,10.71,10.82,10.79,10.65,10.90
1989-03-03,10.91,10.85,10.89,10.96,10.75,11.05
1989-03-10,10.86,10.79,10.87,10.92,10.70,10.98
1989-03-17,10.98,10.90,10.96,11.02,10.87,11.11
1989-03-24,11.22,11.13,11.22,11.22,11.13,11.35
1989-03-31,11.19,11.14,11.15,11.23,11.05,11.31
1989-04-07,11.07,10.97,11.14,11.14,10.96,11.16
1989-04-14,11.11,10.99,11.15,11.17,11.00,11.22
1989-04-21,10.99,10.92,11.00,11.06,10.90,11.08
1989-04-28,11.03,10.93,11.03,11.11,10.99,11.11
1989-05-05,10.97,10.87,10.97,11.04,10.92,11.06
1989-05-12,10.93,10.84,10.96,10.96,10.88,11.01
1989-05-19,10.69,10.56,10.69,10.80,10.66,10.78
1989-05-26,10.50,10.38,10.46,10.61,10.49,10.60
1989-06-02,10.48,10.39,10.44,10.52,10.47,10.58
1989-06-09,10.20,10.07,10.23,10.27,10.17,10.31
1989-06-16,10.04,9.90,9.98,10.10,10.06,10.18
1989-06-23,10.19,10.00,10.13,10.18,10.22,10.30
1989-06-30,10.07,9.93,10.04,10.13,10.10,10.18
1989-07-07,10.03,9.93,9.97,10.06,10.04,10.14
1989-07-14,9.82,9.67,9.83,9.90,9.83,9.94
1989-07-21,9.87,9.70,9.81,9.92,9.95,10.00
1989-07-28,9.81,9.71,9.78,9.86,9.79,9.94
1989-08-04,9.68,9.58,9.65,9.72,9.67,9.79
1989-08-11,9.96,9.82,9.90,10.00,9.98,10.09
1989-08-18,10.09,9.92,10.04,10.12,10.11,10.26
1989-08-25,10.21,10.12,10.13,10.21,10.19,10.35
1989-09-01,10.22,10.13,10.12,10.27,10.21,10.34
1989-09-08,10.17,10.06,10.17,10.17,10.15,10.29
1989-09-15,10.05,9.94,10.08,10.08,10.05,10.15
1989-09-22,10.03,9.90,9.97,10.07,10.05,10.16
1989-09-29,10.16,10.03,10.10,10.20,10.14,10.30
1989-10-06,10.10,9.97,10.06,10.12,10.12,10.25
1989-10-13,9.95,9.83,9.90,10.04,9.98,10.04
1989-10-20,9.92,9.82,9.84,10.00,9.92,10.03
1989-10-27,9.82,9.72,9.78,9.91,9.79,9.92
1989-11-03,9.82,9.73,9.76,9.86,9.82,9.93
1989-11-10,9.79,9.69,9.76,9.87,9.78,9.89
1989-11-17,9.72,9.61,9.64,9.78,9.70,9.84
1989-11-24,9.74,9.61,9.70,9.75,9.75,9.90
1989-12-01,9.74,9.61,9.71,9.80,9.73,9.88
1989-12-08,9.76,9.68,9.71,9.80,9.72,9.88
1989-12-15,9.75,9.67,9.70,9.75,9.70,9.88
1989-12-22,9.69,9.59,9.66,9.70,9.68,9.81
1989-12-29,9.78,9.64,9.76,9.81,9.77,9.94
1990-01-05,9.83,9.69,9.84,9.87,9.80,9.98
1990-01-12,9.80,9.70,9.74,9.83,9.75,9.93
1990-01-19,9.90,9.78,9.86,9.93,9.83,10.08
1990-01-26,10.05,9.95,10.00,10.12,9.96,10.18
1990-02-02,10.17,10.02,10.15,10.21,10.14,10.34
1990-02-09,10.21,10.15,10.13,10.24,10.10,10.33
1990-02-16,10.10,9.96,10.09,10.17,10.09,10.21
1990-02-23,10.31,10.22,10.27,10.31,10.19,10.47
1990-03-02,10.23,10.13,10.18,10.30,10.13,10.38
1990-03-09,10.29,10.21,10.23,10.33,10.21,10.43
1990-03-16,10.34,10.26,10.29,10.36,10.25,10.47
1990-03-23,10.26,10.18,10.25,10.30,10.17,10.36
1990-03-30,10.22,10.15,10.16,10.27,10.15,10.34
1990-04-06,10.26,10.14,10.22,10.30,10.20,10.40
1990-04-13,10.25,10.13,10.23,10.28,10.20,10.40
1990-04-20,10.41,10.25,10.44,10.42,10.42,10.55
1990-04-27,10.56,10.39,10.55,10.63,10.61,10.67
1990-05-04,10.67,10.54,10.68,10.72,10.61,10.81
1990-05-11,10.54,10.39,10.49,10.60,10.55,10.67
1990-05-18,10.37,10.27,10.32,10.40,10.32,10.51
1990-05-25,10.33,10.23,10.25,10.41,10.22,10.47
1990-06-01,10.29,10.17,10.23,10.32,10.31,10.42
1990-06-08,10.10,9.94,10.05,10.20,10.17,10.21
1990-06-15,10.12,10.01,10.05,10.20,10.08,10.23
1990-06-22,10.16,10.02,10.13,10.19,10.19,10.30
1990-06-29,10.15,10.04,10.06,10.19,10.16,10.29
1990-07-06,10.06,9.96,10.06,10.12,10.06,10.14
1990-07-13,10.11,10.01,10.11,10.13,10.06,10.23
1990-07-20,9.99,9.85,10.02,10.04,9.98,10.09
1990-07-27,9.98,9.83,10.03,10.08,9.98,10.08
1990-08-03,9.84,9.76,9.84,9.93,9.86,9.91
1990-08-10,10.08,9.89,10.12,10.11,10.10,10.22
1990-08-17,10.05,9.95,10.01,10.07,10.09,10.15
1990-08-24,10.29,10.21,10.14,10.34,10.28,10.41
1990-08-31,10.24,10.18,10.18,10.31,10.11,10.36
1990-09-07,10.19,10.14,10.12,10.20,10.08,10.32
1990-09-14,10.13,10.08,10.04,10.22,10.03,10.24
1990-09-21,10.16,10.07,10.08,10.21,10.10,10.30
1990-09-28,10.22,10.12,10.16,10.28,10.13,10.37
1990-10-05,10.08,10.03,9.99,10.15,9.98,10.19
1990-10-12,10.22,10.19,10.12,10.26,10.12,10.35
1990-10-19,10.24,10.16,10.23,10.31,10.14,10.35
1990-10-26,10.17,10.10,10.09,10.28,10.07,10.27
1990-11-02,10.13,10.07,10.06,10.23,10.06,10.23
1990-11-09,10.09,10.02,10.04,10.12,10.03,10.19
1990-11-16,10.02,9.96,9.99,10.05,9.99,10.11
1990-11-23,9.93,9.83,9.87,10.00,9.88,10.06
1990-11-30,9.90,9.83,9.89,9.92,9.84,10.01
1990-12-07,9.81,9.68,9.79,9.94,9.75,9.91
1990-12-14,9.56,9.46,9.57,9.67,9.57,9.62
1990-12-21,9.64,9.52,9.62,9.73,9.62,9.72
1990-12-28,9.68,9.57,9.63,9.74,9.67,9.78
1991-01-04,9.56,9.46,9.55,9.65,9.61,9.60
1991-01-11,9.63,9.53,9.60,9.70,9.61,9.70
1991-01-18,9.75,9.69,9.68,9.77,9.69,9.88
1991-01-25,9.61,9.51,9.58,9.68,9.57,9.71
1991-02-01,9.56,9.46,9.55,9.63,9.52,9.66
1991-02-08,9.36,9.27,9.34,9.46,9.27,9.47
1991-02-15,9.25,9.17,9.23,9.33,9.16,9.34
1991-02-22,9.29,9.20,9.27,9.36,9.23,9.41
1991-03-01,9.40,9.32,9.40,9.43,9.34,9.49
1991-03-08,9.49,9.40,9.51,9.55,9.40,9.58
1991-03-15,9.50,9.41,9.52,9.54,9.46,9.58
1991-03-22,9.59,9.55,9.56,9.64,9.55,9.66
1991-03-29,9.52,9.41,9.54,9.63,9.52,9.58
1991-04-05,9.49,9.40,9.52,9.57,9.47,9.52
1991-04-12,9.48,9.36,9.48,9.55,9.49,9.57
1991-04-19,9.47,9.35,9.46,9.54,9.46,9.56
1991-04-26,9.53,9.42,9.53,9.59,9.52,9.61
1991-05-03,9.47,9.39,9.48,9.52,9.44,9.56
1991-05-10,9.47,9.37,9.48,9.51,9.48,9.54
1991-05-17,9.50,9.44,9.48,9.56,9.47,9.55
1991-05-24,9.47,9.37,9.46,9.55,9.48,9.55
1991-05-31,9.45,9.35,9.46,9.49,9.45,9.54
1991-06-07,9.48,9.36,9.49,9.53,9.46,9.58
1991-06-14,9.66,9.58,9.62,9.62,9.62,9.81
1991-06-21,9.65,9.58,9.68,9.69,9.54,9.71
1991-06-28,9.67,9.58,9.63,9.69,9.62,9.77
1991-07-05,9.62,9.56,9.61,9.66,9.57,9.70
1991-07-12,9.64,9.55,9.62,9.64,9.61,9.72
1991-07-19,9.54,9.44,9.53,9.58,9.54,9.63
1991-07-26,9.50,9.43,9.52,9.54,9.50,9.55
1991-08-02,9.44,9.34,9.45,9.50,9.43,9.49
1991-08-09,9.27,9.17,9.22,9.34,9.25,9.36
1991-08-16,9.19,9.10,9.14,9.23,9.16,9.28
1991-08-23,9.17,9.08,9.12,9.24,9.17,9.24
1991-08-30,9.15,9.07,9.11,9.24,9.17,9.19
1991-09-06,9.14,9.06,9.12,9.23,9.16,9.19
1991-09-13,9.02,8.98,9.00,9.06,9.00,9.07
1991-09-20,8.95,8.90,8.94,9.00,8.98,8.98
1991-09-27,8.92,8.85,8.90,8.96,8.95,8.96
1991-10-04,8.87,8.80,8.81,8.90,8.87,8.94
1991-10-11,8.82,8.70,8.80,8.86,8.84,8.90
1991-10-18,8.82,8.72,8.79,8.84,8.85,8.89
1991-10-25,8.91,8.82,8.90,8.89,8.93,9.00
1991-11-01,8.78,8.73,8.78,8.83,8.75,8.82
1991-11-08,8.76,8.68,8.78,8.80,8.75,8.82
1991-11-15,8.69,8.62,8.75,8.74,8.65,8.74
1991-11-22,8.63,8.56,8.68,8.68,8.60,8.70
1991-11-29,8.70,8.64,8.61,8.72,8.68,8.76
1991-12-06,8.62,8.57,8.66,8.66,8.59,8.67
1991-12-13,8.53,8.45,8.53,8.61,8.54,8.58
1991-12-20,8.49,8.44,8.48,8.60,8.49,8.49
1991-12-27,8.35,8.23,8.36,8.52,8.41,8.35
1992-01-03,8.24,8.18,8.22,8.37,8.21,8.26
1992-01-10,8.23,8.19,8.18,8.31,8.22,8.25
1992-01-17,8.45,8.38,8.39,8.55,8.51,8.47
1992-01-24,8.56,8.50,8.53,8.65,8.57,8.58
1992-01-31,8.68,8.64,8.68,8.73,8.68,8.70
1992-02-07,8.67,8.62,8.66,8.76,8.67,8.69
1992-02-14,8.73,8.66,8.71,8.82,8.79,8.74
1992-02-21,8.82,8.73,8.81,8.92,8.81,8.86
1992-02-28,8.83,8.73,8.82,8.95,8.83,8.86
1992-03-06,8.85,8.75,8.84,8.94,8.84,8.92
1992-03-13,8.88,8.78,8.84,9.01,8.87,8.92
1992-03-20,9.03,8.96,9.01,9.14,8.98,9.08
1992-03-27,8.98,8.91,8.93,9.07,8.93,9.03
1992-04-03,8.96,8.89,8.96,9.08,8.92,8.99
1992-04-10,8.84,8.77,8.82,8.92,8.82,8.88
1992-04-17,8.76,8.70,8.73,8.86,8.75,8.80
1992-04-24,8.85,8.80,8.83,8.93,8.81,8.87
1992-05-01,8.84,8.79,8.82,8.90,8.82,8.87
1992-05-08,8.75,8.67,8.77,8.83,8.73,8.80
1992-05-15,8.64,8.57,8.66,8.70,8.63,8.67
1992-05-22,8.53,8.49,8.53,8.55,8.49,8.56
1992-05-29,8.60,8.56,8.61,8.60,8.54,8.66
1992-06-05,8.59,8.54,8.58,8.63,8.59,8.62
1992-06-12,8.54,8.49,8.54,8.57,8.54,8.58
1992-06-19,8.48,8.46,8.48,8.53,8.43,8.51
1992-06-26,8.43,8.40,8.42,8.51,8.38,8.44
1992-07-03,8.29,8.26,8.29,8.38,8.27,8.29
1992-07-10,8.13,8.12,8.15,8.23,8.11,8.08
1992-07-17,8.09,8.09,8.14,8.17,8.06,8.04
1992-07-24,8.08,8.09,8.11,8.16,8.06,8.04
1992-07-31,8.05,8.08,8.01,8.11,8.01,8.02
1992-08-07,8.06,8.04,8.03,8.14,8.05,8.05
1992-08-14,7.96,7.90,7.95,8.11,7.98,7.95
1992-08-21,7.87,7.83,7.84,7.99,7.88,7.87
1992-08-28,8.01,7.99,8.02,8.11,8.01,7.99
1992-09-04,7.94,7.93,7.95,8.04,7.91,7.93
1992-09-11,7.84,7.79,7.83,7.90,7.84,7.86
1992-09-18,7.89,7.85,7.84,7.98,7.89,7.92
1992-09-24,8.02,7.99,7.93,8.06,8.03,8.08
1992-10-02,7.93,7.88,7.86,8.02,7.92,7.96
1992-10-09,8.01,7.95,7.98,8.08,8.05,8.04
1992-10-16,8.06,8.06,8.02,8.11,8.05,8.07
1992-10-23,8.23,8.22,8.24,8.27,8.24,8.23
1992-10-30,8.21,8.16,8.23,8.27,8.21,8.21
1992-11-06,8.29,8.30,8.27,8.32,8.29,8.28
1992-11-13,8.32,8.31,8.34,8.36,8.33,8.31
1992-11-20,8.32,8.32,8.33,8.37,8.32,8.30
1992-11-27,8.29,8.24,8.32,8.38,8.31,8.27
1992-12-04,8.34,8.30,8.36,8.39,8.32,8.35
1992-12-11,8.23,8.15,8.25,8.30,8.22,8.25
1992-12-18,8.19,8.16,8.22,8.23,8.16,8.20
1992-12-25,8.13,8.10,8.13,8.19,8.10,8.13
1992-12-31,8.14,8.13,8.15,8.22,8.11,8.16
1993-01-08,8.07,8.06,8.07,8.18,8.04,8.06
1993-01-15,8.04,8.03,8.06,8.11,8.04,8.04
1993-01-22,8.00,7.96,8.02,8.07,8.03,7.98
1993-01-29,7.86,7.80,7.88,7.94,7.88,7.88
1993-02-05,7.80,7.75,7.83,7.83,7.83,7.83
1993-02-12,7.75,7.73,7.80,7.80,7.79,7.74
1993-02-19,7.65,7.60,7.70,7.73,7.63,7.65
1993-02-26,7.53,7.48,7.57,7.63,7.53,7.54
1993-03-05,7.44,7.39,7.47,7.52,7.46,7.43
1993-03-12,7.47,7.45,7.50,7.55,7.49,7.44
1993-03-19,7.57,7.51,7.56,7.62,7.55,7.61
1993-03-26,7.50,7.47,7.51,7.55,7.49,7.53
1993-04-02,7.53,7.47,7.53,7.59,7.51,7.58
1993-04-09,7.57,7.54,7.57,7.61,7.54,7.61
1993-04-16,7.45,7.41,7.43,7.51,7.44,7.50
1993-04-23,7.38,7.33,7.39,7.47,7.37,7.40
1993-04-30,7.43,7.41,7.45,7.52,7.43,7.42
1993-05-07,7.42,7.38,7.42,7.52,7.41,7.41
1993-05-14,7.42,7.37,7.44,7.50,7.41,7.43
1993-05-21,7.52,7.46,7.52,7.59,7.60,7.51
1993-05-28,7.50,7.43,7.52,7.56,7.53,7.50
1993-06-04,7.47,7.40,7.48,7.54,7.50,7.48
1993-06-11,7.48,7.43,7.49,7.52,7.49,7.48
1993-06-18,7.38,7.32,7.39,7.45,7.37,7.38
1993-06-25,7.34,7.29,7.34,7.40,7.35,7.34
1993-07-02,7.23,7.16,7.26,7.30,7.22,7.25
1993-07-09,7.19,7.11,7.22,7.26,7.19,7.20
1993-07-16,7.16,7.06,7.18,7.26,7.18,7.16
1993-07-23,7.20,7.11,7.21,7.26,7.23,7.20
1993-07-30,7.25,7.21,7.24,7.28,7.23,7.28
1993-08-06,7.21,7.16,7.22,7.24,7.19,7.25
1993-08-13,7.17,7.10,7.19,7.22,7.16,7.21
1993-08-20,7.10,7.00,7.14,7.15,7.11,7.13
1993-08-27,6.97,6.90,7.01,7.05,6.93,6.98
1993-09-03,6.93,6.87,6.99,7.00,6.87,6.94
1993-09-10,6.82,6.73,6.90,6.93,6.79,6.81
1993-09-17,6.96,6.86,7.07,7.02,6.96,6.95
1993-09-24,6.95,6.83,7.03,7.00,6.96,6.97
1993-10-01,6.89,6.79,6.97,6.96,6.88,6.91
1993-10-08,6.87,6.77,6.95,6.92,6.86,6.88
1993-10-15,6.81,6.72,6.81,6.88,6.83,6.85
1993-10-22,6.74,6.69,6.75,6.82,6.71,6.74
1993-10-29,6.86,6.78,6.85,6.95,6.86,6.89
1993-11-05,7.11,7.03,7.14,7.15,7.19,7.09
1993-11-12,7.12,7.00,7.05,7.25,7.06,7.20
1993-11-19,7.08,7.00,7.09,7.16,7.12,7.09
1993-11-26,7.31,7.23,7.25,7.35,7.29,7.38
1993-12-04,7.25,7.22,7.19,7.29,7.23,7.29
1993-12-10,7.14,7.08,7.13,7.26,7.09,7.16
1993-12-17,7.17,7.11,7.10,7.26,7.16,7.21
1993-12-24,7.17,7.12,7.10,7.31,7.12,7.19
1993-12-31,7.13,7.08,7.17,7.22,7.10,7.10
1994-01-07,7.23,7.18,7.16,7.32,7.25,7.24
1994-01-14,6.99,6.96,7.02,7.05,6.94,6.98
1994-01-21,7.05,7.01,7.04,7.10,7.00,7.09
1994-01-28,6.97,6.93,6.96,7.04,6.95,7.00
1994-02-04,6.97,6.90,6.97,7.02,6.96,7.00
1994-02-11,7.21,7.15,7.20,7.27,7.21,7.21
1994-02-18,7.11,7.07,7.10,7.17,7.05,7.15
1994-02-25,7.32,7.27,7.26,7.35,7.31,7.38
1994-03-04,7.51,7.45,7.47,7.51,7.49,7.59
1994-03-11,7.63,7.60,7.61,7.66,7.61,7.67
1994-03-18,7.76,7.70,7.77,7.84,7.71,7.79
1994-03-25,7.80,7.70,7.81,7.88,7.76,7.84
1994-04-01,8.04,7.93,8.07,8.08,8.03,8.10
1994-04-08,8.47,8.44,8.48,8.50,8.40,8.52
1994-04-15,8.26,8.22,8.24,8.34,8.19,8.30
1994-04-22,8.49,8.49,8.46,8.48,8.45,8.53
1994-04-29,8.32,8.29,8.27,8.45,8.23,8.35
1994-05-06,8.53,8.50,8.52,8.58,8.49,8.56
1994-05-13,8.77,8.74,8.73,8.78,8.75,8.83
1994-05-20,8.56,8.55,8.51,8.66,8.46,8.60
1994-05-27,8.53,8.51,8.51,8.61,8.47,8.53
1994-06-03,8.55,8.51,8.52,8.60,8.52,8.57
1994-06-10,8.25,8.19,8.26,8.38,8.21,8.25
1994-06-17,8.33,8.25,8.28,8.41,8.30,8.38
1994-06-24,8.46,8.40,8.39,8.53,8.45,8.51
1994-07-01,8.57,8.52,8.53,8.62,8.51,8.65
1994-07-08,8.68,8.61,8.65,8.73,8.66,8.73
1994-07-15,8.72,8.65,8.74,8.72,8.69,8.80
1994-07-22,8.53,8.44,8.44,8.59,8.46,8.65
1994-07-29,8.57,8.54,8.56,8.65,8.52,8.57
1994-08-05,8.38,8.38,8.37,8.44,8.36,8.37
1994-08-12,8.57,8.56,8.51,8.62,8.53,8.61
1994-08-19,8.54,8.50,8.56,8.60,8.45,8.58
1994-08-26,8.56,8.55,8.53,8.64,8.50,8.55
1994-09-02,8.48,8.43,8.46,8.55,8.46,8.50
1994-09-09,8.51,8.49,8.48,8.53,8.50,8.54
1994-09-16,8.66,8.65,8.62,8.68,8.62,8.70
1994-09-23,8.73,8.71,8.68,8.75,8.73,8.78
1994-09-30,8.82,8.78,8.78,8.86,8.78,8.86
1994-10-07,8.89,8.90,8.84,8.91,8.88,8.91
1994-10-14,8.93,8.91,8.92,9.00,8.88,8.92
1994-10-21,8.85,8.81,8.82,8.91,8.80,8.90
1994-10-28,9.03,9.00,9.01,9.06,8.99,9.08
1994-11-04,9.05,9.03,9.07,9.06,9.00,9.10
1994-11-11,9.19,9.19,9.23,9.19,9.07,9.25
1994-11-18,9.19,9.20,9.17,9.24,9.13,9.20
1994-11-25,9.25,9.23,9.26,9.27,9.19,9.27
1994-12-02,9.23,9.23,9.20,9.23,9.19,9.29
1994-12-09,9.15,9.16,9.14,9.20,9.09,9.16
1994-12-16,9.25,9.24,9.24,9.28,9.20,9.28
1994-12-23,9.18,9.13,9.21,9.24,9.13,9.20
1994-12-30,9.18,9.18,9.14,9.21,9.13,9.21
1995-01-06,9.22,9.19,9.21,9.26,9.14,9.27
1995-01-13,9.19,9.17,9.18,9.21,9.13,9.23
1995-01-20,9.05,8.96,9.05,9.12,9.00,9.09
1995-01-27,9.13,9.09,9.13,9.13,9.04,9.21
1995-02-03,8.94,8.89,8.89,8.97,8.86,9.03
1995-02-10,8.80,8.78,8.81,8.82,8.70,8.86
1995-02-17,8.84,8.80,8.86,8.91,8.72,8.90
1995-02-24,8.73,8.66,8.70,8.79,8.66,8.81
1995-03-03,8.53,8.49,8.49,8.55,8.48,8.60
1995-03-10,8.62,8.55,8.59,8.64,8.53,8.77
1995-03-17,8.38,8.33,8.35,8.42,8.33,8.44
1995-03-24,8.40,8.36,8.35,8.43,8.36,8.46
1995-03-31,8.38,8.31,8.38,8.39,8.35,8.47
1995-04-07,8.41,8.34,8.39,8.42,8.36,8.51
1995-04-14,8.37,8.33,8.35,8.40,8.34,8.43
1995-04-21,8.24,8.20,8.22,8.26,8.18,8.32
1995-04-28,8.26,8.21,8.21,8.26,8.20,8.36
1995-05-05,8.27,8.24,8.23,8.27,8.17,8.37
1995-05-12,7.87,7.82,7.88,7.90,7.80,7.92
1995-05-19,7.83,7.80,7.82,7.88,7.77,7.88
1995-05-26,7.85,7.84,7.79,7.90,7.79,7.90
1995-06-02,7.71,7.70,7.64,7.79,7.65,7.74
1995-06-09,7.51,7.49,7.43,7.50,7.54,7.59
1995-06-16,7.55,7.56,7.46,7.59,7.49,7.62
1995-06-23,7.53,7.48,7.50,7.56,7.51,7.61
1995-06-30,7.53,7.48,7.48,7.51,7.54,7.63
1995-07-07,7.63,7.61,7.54,7.64,7.59,7.71
1995-07-14,7.41,7.32,7.42,7.43,7.39,7.50
1995-07-21,7.60,7.61,7.58,7.55,7.60,7.63
1995-07-28,7.79,7.80,7.76,7.76,7.76,7.83
1995-08-04,7.82,7.81,7.76,7.81,7.78,7.88
1995-08-11,7.80,7.81,7.74,7.78,7.77,7.88
1995-08-18,7.94,7.89,7.93,8.00,7.88,7.97
1995-08-25,7.88,7.86,7.83,7.91,7.84,7.92
1995-09-01,7.76,7.71,7.72,7.80,7.76,7.80
1995-09-08,7.63,7.60,7.57,7.68,7.62,7.67
1995-09-15,7.60,7.60,7.58,7.65,7.60,7.59
1995-09-22,7.57,7.58,7.51,7.61,7.58,7.58
1995-09-29,7.62,7.62,7.55,7.70,7.64,7.62
1995-10-06,7.57,7.53,7.54,7.65,7.53,7.58
1995-10-13,7.50,7.47,7.48,7.56,7.48,7.51
1995-10-20,7.38,7.37,7.31,7.44,7.36,7.42
1995-10-27,7.45,7.44,7.40,7.52,7.40,7.48
1995-11-03,7.44,7.43,7.41,7.45,7.41,7.47
1995-11-09,7.37,7.33,7.33,7.43,7.40,7.38
1995-11-17,7.35,7.33,7.29,7.42,7.33,7.37
1995-11-24,7.35,7.34,7.29,7.41,7.34,7.36
1995-12-01,7.33,7.31,7.29,7.36,7.31,7.38
1995-12-08,7.18,7.16,7.15,7.28,7.14,7.18
1995-12-15,7.15,7.13,7.12,7.19,7.14,7.18
1995-12-22,7.23,7.25,7.20,7.24,7.19,7.25
1995-12-29,7.11,7.10,7.09,7.11,7.08,7.14
1996-01-05,7.02,6.99,6.99,7.07,7.04,6.99
1996-01-12,7.08,7.04,7.03,7.16,7.09,7.10
1996-01-19,7.02,7.02,6.97,7.07,7.01,7.04
1996-01-26,7.00,7.00,6.97,7.05,6.99,7.00
1996-02-02,7.02,6.97,7.03,7.06,7.03,7.01
1996-02-09,7.02,6.99,6.97,7.06,7.02,7.05
1996-02-16,6.94,6.90,6.90,6.98,6.92,6.98
1996-02-23,7.32,7.31,7.25,7.36,7.35,7.34
1996-03-01,7.41,7.39,7.37,7.46,7.42,7.41
1996-03-08,7.38,7.34,7.36,7.44,7.38,7.41
1996-03-15,7.83,7.81,7.80,7.91,7.78,7.84
1996-03-22,7.81,7.82,7.77,7.86,7.80,7.82
1996-03-29,7.69,7.67,7.67,7.78,7.67,7.68
1996-04-05,7.78,7.77,7.74,7.86,7.74,7.80
1996-04-12,8.05,8.01,8.02,8.10,8.06,8.07
1996-04-19,7.95,7.91,7.93,7.99,7.93,7.97
1996-04-26,7.92,7.89,7.88,7.97,7.92,7.96
1996-05-03,7.99,7.97,7.94,8.05,7.99,8.01
1996-05-10,8.24,8.21,8.21,8.29,8.24,8.25
1996-05-17,8.08,8.05,8.05,8.13,8.10,8.09
1996-05-24,8.01,7.98,7.99,8.07,8.02,8.01
1996-05-31,8.03,7.98,7.99,8.09,8.05,8.03
1996-06-07,8.30,8.28,8.27,8.31,8.33,8.30
1996-06-14,8.39,8.37,8.36,8.43,8.41,8.39
1996-06-21,8.30,8.27,8.26,8.33,8.33,8.32
1996-06-28,8.29,8.24,8.24,8.33,8.32,8.33
1996-07-05,8.14,8.08,8.12,8.18,8.15,8.18
1996-07-12,8.42,8.40,8.40,8.47,8.42,8.42
1996-07-19,8.23,8.18,8.20,8.30,8.27,8.23
1996-07-26,8.19,8.11,8.17,8.27,8.24,8.20
1996-08-02,8.23,8.18,8.21,8.29,8.24,8.23
1996-08-09,7.88,7.89,7.83,7.93,7.90,7.88
1996-08-16,7.88,7.83,7.85,7.97,7.91,7.87
1996-08-23,7.93,7.90,7.87,8.00,7.96,7.95
1996-08-30,8.09,8.06,8.05,8.14,8.09,8.10
1996-09-06,8.34,8.26,8.32,8.44,8.33,8.37
1996-09-13,8.28,8.22,8.28,8.32,8.31,8.30
1996-09-20,8.14,8.07,8.15,8.23,8.15,8.11
1996-09-27,8.16,8.10,8.13,8.26,8.17,8.14
1996-10-04,8.06,7.99,8.02,8.18,8.05,8.06
1996-10-11,7.86,7.81,7.83,7.94,7.84,7.88
1996-10-18,7.88,7.82,7.87,7.94,7.90,7.91
1996-10-25,7.86,7.83,7.83,7.91,7.85,7.86
1996-11-01,7.78,7.75,7.77,7.85,7.77,7.76
1996-11-08,7.67,7.62,7.65,7.74,7.71,7.67
1996-11-15,7.59,7.55,7.57,7.64,7.60,7.59
1996-11-22,7.53,7.48,7.51,7.60,7.54,7.53
1996-11-29,7.52,7.46,7.53,7.58,7.53,7.53
1996-12-06,7.44,7.36,7.43,7.54,7.43,7.46
1996-12-13,7.57,7.50,7.56,7.66,7.57,7.58
1996-12-20,7.74,7.65,7.77,7.81,7.73,7.74
1996-12-27,7.64,7.57,7.69,7.73,7.64,7.62
1997-01-03,7.67,7.60,7.70,7.74,7.68,7.66
1997-01-10,7.85,7.80,7.88,7.92,7.85,7.85
1997-01-17,7.87,7.78,7.91,7.93,7.92,7.86
1997-01-24,7.85,7.77,7.90,7.93,7.88,7.81
1997-01-31,7.88,7.79,7.88,7.95,7.89,7.90
1997-02-07,7.74,7.68,7.75,7.82,7.74,7.74
1997-02-14,7.65,7.59,7.69,7.73,7.65,7.63
1997-02-21,7.56,7.50,7.58,7.65,7.55,7.56
1997-02-28,7.65,7.55,7.69,7.74,7.63,7.66
1997-03-07,7.84,7.76,7.86,7.93,7.82,7.86
1997-03-14,7.84,7.77,7.85,7.92,7.82,7.86
1997-03-21,7.94,7.85,7.95,8.05,7.92,7.96
1997-03-28,7.97,7.88,7.98,8.05,7.97,7.98
1997-04-04,8.18,8.12,8.20,8.27,8.16,8.15
1997-04-11,8.15,8.08,8.17,8.24,8.12,8.14
1997-04-18,8.16,8.09,8.18,8.27,8.17,8.13
1997-04-25,8.08,7.98,8.13,8.17,8.10,8.08
1997-05-02,8.01,7.97,8.01,8.13,7.98,7.98
1997-05-09,7.94,7.87,7.97,8.01,7.93,7.94
1997-05-16,7.91,7.81,7.93,8.00,7.93,7.91
1997-05-23,7.92,7.86,7.92,8.01,7.92,7.92
1997-05-30,7.94,7.86,7.98,8.00,7.94,7.93
1997-06-06,7.85,7.79,7.87,7.94,7.85,7.83
1997-06-13,7.72,7.70,7.70,7.81,7.72,7.70
1997-06-20,7.61,7.55,7.61,7.71,7.60,7.58
1997-06-27,7.58,7.50,7.59,7.68,7.59,7.57
1997-07-04,7.62,7.56,7.65,7.71,7.60,7.61
1997-07-11,7.47,7.42,7.50,7.56,7.47,7.45
1997-07-18,7.47,7.41,7.52,7.57,7.46,7.43
1997-07-25,7.43,7.36,7.43,7.54,7.43,7.42
1997-08-01,7.36,7.31,7.39,7.44,7.34,7.34
1997-08-08,7.46,7.38,7.46,7.55,7.48,7.45
1997-08-15,7.54,7.47,7.56,7.63,7.56,7.54
1997-08-22,7.46,7.41,7.46,7.54,7.49,7.44
1997-08-29,7.58,7.52,7.60,7.70,7.59,7.54
1997-09-05,7.53,7.46,7.55,7.65,7.54,7.49
1997-09-12,7.53,7.48,7.55,7.65,7.52,7.49
1997-09-19,7.38,7.31,7.39,7.51,7.33,7.36
1997-09-26,7.28,7.19,7.31,7.42,7.27,7.26
1997-10-03,7.31,7.23,7.31,7.43,7.28,7.30
1997-10-10,7.26,7.17,7.27,7.38,7.23,7.23
1997-10-17,7.34,7.26,7.35,7.45,7.31,7.33
1997-10-24,7.35,7.28,7.38,7.46,7.30,7.31
1997-10-31,7.21,7.14,7.19,7.32,7.20,7.19
1997-11-07,7.24,7.14,7.26,7.36,7.22,7.23
1997-11-14,7.23,7.15,7.23,7.35,7.18,7.22
1997-11-21,7.18,7.11,7.20,7.28,7.15,7.16
1997-11-28,7.17,7.09,7.18,7.26,7.14,7.16
1997-12-05,7.15,7.08,7.16,7.24,7.13,7.14
1997-12-12,7.17,7.11,7.19,7.24,7.16,7.13
1997-12-19,7.07,7.02,7.07,7.16,7.07,7.05
1997-12-26,6.99,6.95,7.01,7.08,6.98,6.95
1998-01-02,7.03,6.95,7.07,7.12,7.02,6.98
1998-01-09,6.94,6.90,6.89,6.99,6.92,6.97
1998-01-16,6.89,6.85,6.86,6.95,6.91,6.90
1998-01-23,6.99,6.93,6.95,7.08,7.01,6.99
1998-01-30,7.12,7.03,7.07,7.23,7.13,7.11
1998-02-06,7.03,6.92,6.99,7.14,7.08,7.02
1998-02-13,7.06,6.96,7.01,7.15,7.12,7.06
1998-02-20,6.99,6.89,6.95,7.09,7.04,7.00
1998-02-28,7.09,6.98,7.06,7.19,7.17,7.07
1998-03-06,7.19,7.11,7.14,7.27,7.23,7.18
1998-03-13,7.16,7.11,7.09,7.26,7.21,7.15
1998-03-20,7.08,7.04,7.03,7.18,7.09,7.06
1998-03-27,7.08,7.05,7.03,7.20,7.09,7.05
1998-04-03,7.15,7.08,7.10,7.25,7.18,7.13
1998-04-10,7.09,7.03,7.04,7.19,7.11,7.07
1998-04-17,7.17,7.12,7.11,7.27,7.22,7.13
1998-04-24,7.15,7.05,7.15,7.27,7.20,7.10
1998-05-01,7.22,7.11,7.23,7.32,7.27,7.17
1998-05-08,7.14,7.09,7.14,7.22,7.17,7.11
1998-05-15,7.19,7.09,7.21,7.27,7.21,7.17
1998-05-22,7.10,7.04,7.10,7.18,7.13,7.06
1998-05-29,7.07,7.02,7.04,7.17,7.08,7.03
1998-06-05,7.05,6.98,7.02,7.15,7.09,7.00
1998-06-12,7.04,6.99,7.02,7.13,7.05,7.01
1998-06-19,6.94,6.92,6.94,7.03,6.94,6.90
1998-06-26,6.96,6.92,6.96,7.05,6.94,6.93
1998-07-03,6.98,6.94,6.97,7.07,6.95,6.95
1998-07-10,6.91,6.86,6.91,6.99,6.90,6.88
1998-07-17,6.94,6.90,6.92,7.03,6.90,6.91
1998-07-24,6.96,6.90,6.96,7.04,6.94,6.93
1998-07-31,6.97,6.92,6.99,7.06,6.95,6.92
1998-08-07,6.94,6.90,6.95,7.02,6.93,6.89
1998-08-14,6.91,6.87,6.92,6.99,6.91,6.88
1998-08-21,6.92,6.89,6.96,6.98,6.92,6.88
1998-08-28,6.92,6.92,6.95,6.97,6.92,6.88
1998-09-04,6.82,6.80,6.80,6.90,6.81,6.79
1998-09-11,6.77,6.74,6.76,6.88,6.73,6.71
1998-09-18,6.66,6.68,6.61,6.78,6.61,6.60
1998-09-25,6.64,6.64,6.65,6.72,6.57,6.61
1998-10-02,6.60,6.65,6.58,6.68,6.55,6.54
1998-10-09,6.49,6.49,6.47,6.59,6.46,6.42
1998-10-16,6.90,6.83,6.95,7.01,6.90,6.84
1998-10-23,6.73,6.68,6.77,6.80,6.69,6.69
1998-10-30,6.83,6.80,6.84,6.93,6.81,6.78
1998-11-06,6.89,6.85,6.90,6.96,6.87,6.86
1998-11-13,6.93,6.89,6.94,7.02,6.92,6.91
1998-11-20,6.86,6.84,6.87,6.95,6.85,6.82
1998-11-27,6.78,6.80,6.77,6.83,6.74,6.73
1998-12-04,6.71,6.70,6.72,6.79,6.68,6.66
1998-12-11,6.69,6.70,6.71,6.76,6.66,6.63
1998-12-18,6.69,6.67,6.72,6.75,6.68,6.63
1998-12-25,6.77,6.74,6.80,6.81,6.79,6.73
1998-12-31,6.83,6.78,6.85,6.92,6.85,6.79
1999-01-08,6.79,6.75,6.79,6.88,6.78,6.77
1999-01-15,6.83,6.78,6.84,6.92,6.83,6.78
1999-01-22,6.78,6.76,6.79,6.83,6.80,6.76
1999-01-29,6.74,6.73,6.73,6.78,6.73,6.70
1999-02-05,6.75,6.74,6.74,6.80,6.74,6.73
1999-02-12,6.77,6.78,6.74,6.85,6.69,6.73
1999-02-19,6.82,6.78,6.82,6.89,6.82,6.79
1999-02-26,6.89,6.83,6.85,6.94,6.89,6.91
1999-03-05,7.06,7.04,7.08,7.10,7.06,7.04
1999-03-12,7.11,7.02,7.13,7.17,7.16,7.10
1999-03-19,7.01,6.95,7.06,7.05,7.07,6.98
1999-03-26,6.98,6.92,7.00,7.04,6.99,6.96
1999-04-02,6.98,6.92,6.98,7.04,7.04,6.94
1999-04-09,6.92,6.88,6.87,6.99,6.94,6.92
1999-04-16,6.87,6.82,6.84,6.92,6.89,6.86
1999-04-23,6.88,6.85,6.90,6.94,6.91,6.84
1999-04-30,6.93,6.90,6.94,6.99,6.92,6.90
1999-05-07,7.02,6.99,7.04,7.06,7.02,7.01
1999-05-14,7.10,7.09,7.13,7.15,7.11,7.05
1999-05-21,7.23,7.19,7.27,7.29,7.21,7.20
1999-05-28,7.23,7.19,7.23,7.28,7.21,7.24
1999-06-04,7.41,7.39,7.43,7.43,7.39,7.40
1999-06-11,7.51,7.49,7.51,7.54,7.47,7.51
1999-06-18,7.65,7.61,7.66,7.69,7.63,7.64
1999-06-25,7.63,7.54,7.66,7.68,7.63,7.64
1999-07-02,7.71,7.65,7.70,7.77,7.71,7.70
1999-07-09,7.65,7.60,7.65,7.70,7.68,7.63
1999-07-16,7.58,7.53,7.58,7.61,7.65,7.56
1999-07-23,7.52,7.50,7.50,7.59,7.58,7.47
1999-07-30,7.70,7.65,7.73,7.77,7.68,7.66
1999-08-06,7.89,7.83,7.91,7.93,7.90,7.89
1999-08-13,8.15,8.10,8.22,8.21,8.18,8.09
1999-08-20,7.93,7.85,7.89,7.93,8.02,7.97
1999-08-27,7.80,7.81,7.79,7.83,7.83,7.76
1999-09-03,7.83,7.80,7.85,7.90,7.86,7.77
1999-09-10,7.88,7.83,7.91,7.91,7.90,7.86
1999-09-17,7.82,7.78,7.81,7.87,7.85,7.82
1999-09-24,7.76,7.73,7.76,7.78,7.77,7.75
1999-10-01,7.70,7.68,7.70,7.72,7.73,7.68
1999-10-08,7.82,7.76,7.81,7.88,7.83,7.82
1999-10-15,7.85,7.77,7.89,7.90,7.88,7.84
1999-10-22,7.93,7.86,7.94,7.97,7.93,7.95
1999-10-29,7.96,7.90,7.99,8.02,7.95,7.96
1999-11-05,7.84,7.81,7.85,7.87,7.86,7.82
1999-11-12,7.67,7.61,7.67,7.70,7.71,7.69
1999-11-19,7.69,7.71,7.68,7.69,7.69,7.68
1999-11-26,7.75,7.73,7.80,7.76,7.76,7.72
1999-12-03,7.84,7.79,7.88,7.89,7.84,7.83
1999-12-10,7.84,7.84,7.87,7.81,7.86,7.84
1999-12-17,7.86,7.83,7.90,7.84,7.86,7.87
1999-12-24,7.96,7.91,8.02,7.98,7.95,7.96
1999-12-31,8.06,7.98,8.11,8.08,8.09,8.06
2000-01-07,8.15,8.11,8.17,8.16,8.16,8.14
2000-01-14,8.18,8.15,8.21,8.21,8.19,8.16
2000-01-21,8.26,8.21,8.29,8.27,8.31,8.26
2000-01-28,8.25,8.18,8.30,8.26,8.29,8.27
2000-02-04,8.25,8.24,8.29,8.30,8.23,8.21
2000-02-11,8.36,8.31,8.37,8.43,8.36,8.34
2000-02-18,8.38,8.40,8.38,8.39,8.37,8.38
2000-02-25,8.31,8.30,8.34,8.31,8.33,8.30
2000-03-03,8.27,8.26,8.29,8.29,8.27,8.26
2000-03-10,8.23,8.21,8.27,8.22,8.24,8.24
2000-03-17,8.24,8.23,8.24,8.24,8.21,8.24
2000-03-24,8.23,8.21,8.23,8.24,8.19,8.25
2000-03-31,8.23,8.21,8.28,8.26,8.18,8.22
2000-04-07,8.20,8.19,8.20,8.21,8.19,8.22
2000-04-14,8.12,8.10,8.14,8.13,8.14,8.08
2000-04-21,8.16,8.14,8.14,8.18,8.17,8.18
2000-04-28,8.13,8.12,8.11,8.14,8.13,8.15
2000-05-05,8.28,8.24,8.27,8.31,8.30,8.27
2000-05-12,8.52,8.48,8.55,8.56,8.50,8.53
2000-05-19,8.64,8.59,8.63,8.66,8.66,8.67
2000-05-26,8.62,8.55,8.63,8.64,8.66,8.63
2000-06-02,8.54,8.50,8.54,8.55,8.56,8.55
2000-06-09,8.32,8.28,8.30,8.31,8.36,8.37
2000-06-16,8.22,8.18,8.23,8.27,8.23,8.20
2000-06-23,8.14,8.10,8.12,8.19,8.15,8.12
2000-06-30,8.22,8.21,8.23,8.24,8.21,8.19
2000-07-07,8.16,8.13,8.17,8.16,8.22,8.16
2000-07-14,8.09,8.06,8.07,8.12,8.15,8.15
2000-07-21,8.21,8.16,8.24,8.26,8.21,8.20
2000-07-28,8.13,8.10,8.11,8.15,8.16,8.13
2000-08-04,8.12,8.07,8.17,8.14,8.15,8.11
2000-08-11,8.04,8.00,8.05,8.05,8.01,8.07
2000-08-18,7.96,7.94,7.92,7.98,7.97,7.98
2000-08-25,7.99,7.96,7.97,7.99,7.99,8.01
2000-09-01,7.96,7.89,7.96,8.03,7.96,7.96
2000-09-08,7.94,7.88,7.96,7.96,7.95,7.96
2000-09-15,7.88,7.83,7.91,7.90,7.89,7.89
2000-09-22,7.90,7.83,7.94,7.96,7.87,7.90
2000-09-29,7.88,7.81,7.93,7.91,7.90,7.88
2000-10-06,7.83,7.78,7.83,7.87,7.86,7.82
2000-10-13,7.84,7.78,7.87,7.87,7.82,7.86
2000-10-20,7.83,7.76,7.82,7.86,7.84,7.86
2000-10-27,7.68,7.64,7.71,7.70,7.72,7.66
2000-11-03,7.73,7.70,7.79,7.80,7.72,7.67
2000-11-10,7.79,7.71,7.81,7.83,7.80,7.81
2000-11-17,7.73,7.70,7.72,7.80,7.73,7.71
2000-11-24,7.73,7.69,7.75,7.77,7.78,7.71
2000-12-01,7.65,7.64,7.65,7.69,7.63,7.65
2000-12-08,7.54,7.52,7.53,7.58,7.55,7.54
2000-12-15,7.42,7.39,7.44,7.43,7.43,7.41
2000-12-22,7.17,7.14,7.18,7.22,7.21,7.13
2000-12-29,7.13,7.13,7.16,7.18,7.13,7.08
2001-01-05,7.07,7.08,7.03,7.10,7.04,7.08
2001-01-12,6.89,6.89,6.91,6.91,6.85,6.89
2001-01-19,7.02,7.00,7.06,7.06,6.97,6.98
2001-01-26,7.15,7.15,7.12,7.18,7.19,7.12
2001-02-02,7.09,7.01,7.09,7.13,7.10,7.11
2001-02-09,6.98,6.93,7.02,7.03,6.95,6.97
2001-02-16,7.01,6.96,7.02,7.02,6.98,7.06
2001-02-23,7.12,7.05,7.11,7.13,7.13,7.19
2001-03-02,7.03,6.97,7.01,7.05,7.00,7.09
2001-03-09,6.97,6.90,6.99,7.05,6.93,6.98
2001-03-16,6.96,6.88,6.98,7.03,6.89,6.98
2001-03-23,6.89,6.85,6.90,6.95,6.81,6.92
2001-03-30,6.91,6.88,6.95,6.99,6.83,6.89
2001-04-06,7.01,7.03,6.98,7.02,6.99,7.03
2001-04-13,7.04,7.05,7.02,7.07,7.01,7.06
2001-04-20,7.14,7.09,7.11,7.23,7.07,7.15
2001-04-27,7.12,7.08,7.05,7.18,7.10,7.14
2001-05-04,7.14,7.15,7.11,7.16,7.10,7.14
2001-05-11,7.10,7.09,7.06,7.11,7.08,7.15
2001-05-18,7.14,7.14,7.14,7.18,7.11,7.14
2001-05-25,7.20,7.21,7.17,7.20,7.16,7.24
2001-06-01,7.24,7.20,7.23,7.27,7.20,7.26
2001-06-08,7.20,7.20,7.16,7.22,7.18,7.21
2001-06-15,7.14,7.18,7.08,7.16,7.07,7.15
2001-06-22,7.11,7.14,7.09,7.14,7.05,7.09
2001-06-29,7.11,7.10,7.10,7.15,7.07,7.10
2001-07-06,7.19,7.16,7.19,7.23,7.14,7.19
2001-07-13,7.21,7.21,7.18,7.28,7.16,7.21
2001-07-20,7.08,7.06,7.08,7.11,7.07,7.09
2001-07-27,7.03,7.05,7.02,7.03,6.98,7.05
2001-08-03,7.00,6.99,6.98,7.03,6.96,7.00
2001-08-10,7.00,6.98,6.97,7.06,6.96,6.99
2001-08-17,6.92,6.91,6.89,6.97,6.88,6.91
2001-08-24,6.91,6.89,6.89,6.99,6.88,6.90
2001-08-31,6.92,6.93,6.87,6.99,6.84,6.91
2001-09-07,6.89,6.92,6.87,6.92,6.85,6.88
2001-09-14,6.86,6.86,6.85,6.88,6.84,6.87
2001-09-21,6.80,6.82,6.74,6.80,6.77,6.84
2001-09-28,6.72,6.77,6.67,6.72,6.71,6.73
2001-10-05,6.64,6.70,6.57,6.69,6.59,6.62
2001-10-12,6.58,6.64,6.54,6.62,6.54,6.57
2001-10-19,6.61,6.66,6.59,6.64,6.57,6.63
2001-10-26,6.64,6.67,6.60,6.68,6.59,6.67
2001-11-02,6.56,6.60,6.50,6.60,6.52,6.57
2001-11-09,6.45,6.54,6.42,6.52,6.39,6.39
2001-11-16,6.51,6.61,6.49,6.53,6.41,6.51
2001-11-23,6.75,6.72,6.72,6.87,6.73,6.73
2001-11-30,7.02,7.04,6.99,7.07,7.03,7.01
2001-12-07,6.84,6.84,6.85,6.92,6.80,6.84
2001-12-14,7.09,7.08,7.08,7.16,7.07,7.11
2001-12-21,7.17,7.15,7.14,7.26,7.15,7.17
2001-12-28,7.16,7.13,7.16,7.24,7.15,7.15
2002-01-04,7.14,7.14,7.12,7.23,7.12,7.13
2002-01-11,7.06,7.08,7.02,7.14,7.05,7.04
2002-01-18,6.83,6.85,6.81,6.92,6.81,6.80
2002-01-25,6.96,7.01,6.95,7.03,6.93,6.94
2002-02-01,7.02,7.04,6.98,7.11,7.01,6.99
2002-02-08,6.88,6.91,6.86,6.95,6.87,6.85
2002-02-15,6.86,6.88,6.85,6.93,6.83,6.84
2002-02-22,6.81,6.85,6.80,6.87,6.78,6.78
2002-03-01,6.80,6.84,6.80,6.82,6.80,6.78
2002-03-08,6.87,6.85,6.89,6.93,6.83,6.87
2002-03-15,7.08,7.05,7.07,7.13,7.09,7.08
2002-03-22,7.14,7.13,7.16,7.18,7.11,7.13
2002-03-29,7.18,7.18,7.18,7.24,7.19,7.18
2002-04-05,7.13,7.15,7.12,7.16,7.10,7.13
2002-04-12,6.99,7.01,6.98,7.07,6.96,6.94
2002-04-19,6.94,7.00,6.92,7.00,6.92,6.89
2002-04-26,6.88,6.90,6.85,6.95,6.89,6.83
2002-05-03,6.78,6.80,6.77,6.87,6.77,6.74
2002-05-10,6.79,6.81,6.77,6.87,6.82,6.74
2002-05-17,6.89,6.92,6.86,6.93,6.89,6.86
2002-05-24,6.81,6.82,6.79,6.91,6.78,6.78
2002-05-31,6.76,6.79,6.75,6.82,6.76,6.71
2002-06-07,6.71,6.73,6.67,6.79,6.73,6.69
2002-06-14,6.71,6.73,6.67,6.80,6.69,6.70
2002-06-21,6.63,6.64,6.62,6.70,6.62,6.60
2002-06-28,6.55,6.58,6.53,6.62,6.53,6.52
2002-07-05,6.57,6.61,6.52,6.64,6.60,6.51
2002-07-12,6.54,6.57,6.53,6.63,6.48,6.52
2002-07-19,6.49,6.55,6.49,6.56,6.47,6.43
2002-07-26,6.34,6.39,6.31,6.41,6.33,6.29
2002-08-02,6.43,6.48,6.40,6.54,6.41,6.37
2002-08-09,6.31,6.36,6.30,6.40,6.25,6.24
2002-08-16,6.22,6.25,6.19,6.32,6.21,6.16
2002-08-23,6.27,6.27,6.27,6.39,6.26,6.22
2002-08-30,6.22,6.24,6.21,6.34,6.20,6.17
2002-09-06,6.15,6.18,6.18,6.24,6.09,6.05
2002-09-13,6.18,6.20,6.21,6.29,6.13,6.09
2002-09-20,6.05,6.09,6.01,6.18,6.01,5.99
2002-09-27,5.99,6.04,5.93,6.13,5.95,5.88
2002-10-04,6.01,6.03,5.98,6.10,6.00,5.95
2002-10-11,5.98,6.07,5.95,6.08,5.89,5.89
2002-10-18,6.15,6.16,6.15,6.22,6.13,6.12
2002-10-25,6.31,6.34,6.30,6.38,6.28,6.28
2002-11-01,6.13,6.17,6.08,6.25,6.05,6.06
2002-11-08,6.11,6.16,6.07,6.23,6.05,6.03
2002-11-15,5.94,6.02,5.92,6.01,5.89,5.86
2002-11-22,6.03,6.08,5.99,6.13,5.96,5.96
2002-11-29,6.13,6.19,6.10,6.23,6.06,6.06
2002-12-06,6.19,6.18,6.16,6.30,6.16,6.15
2002-12-13,6.04,6.11,6.01,6.13,6.00,5.96
2002-12-20,6.03,6.09,5.98,6.13,5.96,5.97
2002-12-27,5.93,5.99,5.95,6.01,5.90,5.83
2003-01-03,5.85,5.88,5.89,5.94,5.84,5.76
2003-01-10,5.95,5.98,5.93,6.06,5.90,5.89
2003-01-17,5.97,5.98,5.95,6.07,5.93,5.93
2003-01-24,5.91,5.95,5.89,6.00,5.86,5.85
2003-01-31,5.90,5.94,5.88,6.00,5.86,5.83
2003-02-07,5.88,5.90,5.86,5.96,5.83,5.82
2003-02-14,5.86,5.91,5.82,5.95,5.83,5.79
2003-02-21,5.84,5.88,5.82,5.94,5.77,5.78
2003-02-28,5.79,5.86,5.74,5.87,5.71,5.73
2003-03-07,5.67,5.75,5.62,5.76,5.64,5.60
2003-03-14,5.61,5.64,5.60,5.71,5.57,5.54
2003-03-21,5.79,5.82,5.79,5.86,5.80,5.72
2003-03-28,5.91,5.93,5.86,6.02,5.87,5.84
2003-04-04,5.79,5.84,5.76,5.87,5.77,5.71
2003-04-11,5.85,5.86,5.81,5.95,5.84,5.77
2003-04-18,5.82,5.86,5.79,5.90,5.79,5.75
2003-04-25,5.79,5.83,5.79,5.88,5.74,5.71
2003-05-02,5.70,5.77,5.68,5.78,5.65,5.61
2003-05-09,5.62,5.71,5.56,5.71,5.56,5.53
2003-05-16,5.45,5.53,5.43,5.51,5.44,5.37
2003-05-23,5.34,5.46,5.30,5.40,5.27,5.26
2003-05-30,5.31,5.45,5.29,5.36,5.23,5.22
2003-06-06,5.26,5.34,5.20,5.37,5.19,5.18
2003-06-13,5.21,5.27,5.16,5.30,5.15,5.15
2003-06-20,5.21,5.28,5.17,5.30,5.19,5.13
2003-06-27,5.24,5.28,5.24,5.31,5.24,5.17
2003-07-04,5.40,5.46,5.42,5.47,5.35,5.29
2003-07-11,5.52,5.52,5.52,5.62,5.51,5.46
2003-07-18,5.67,5.69,5.72,5.69,5.71,5.60
2003-07-25,5.94,6.02,5.94,5.97,5.87,5.87
2003-08-01,6.14,6.22,6.13,6.18,6.08,6.06
2003-08-08,6.34,6.31,6.33,6.44,6.31,6.30
2003-08-15,6.24,6.29,6.24,6.33,6.22,6.17
2003-08-22,6.28,6.25,6.28,6.40,6.24,6.22
2003-08-29,6.32,6.35,6.32,6.43,6.25,6.27
2003-09-05,6.44,6.43,6.45,6.49,6.42,6.40
2003-09-12,6.16,6.15,6.16,6.23,6.10,6.14
2003-09-19,6.01,6.05,6.03,6.04,5.99,5.98
2003-09-26,5.98,6.01,6.00,6.02,5.96,5.94
2003-10-03,5.77,5.81,5.75,5.81,5.81,5.72
2003-10-10,5.95,5.98,5.93,6.01,5.93,5.89
2003-10-17,6.05,6.09,6.04,6.07,6.06,6.00
2003-10-24,6.05,6.03,6.07,6.10,6.01,6.04
2003-10-31,5.94,5.90,5.98,6.01,5.94,5.92
2003-11-07,5.98,5.96,5.97,6.03,5.97,5.97
2003-11-14,6.03,6.01,6.05,6.04,6.02,6.03
2003-11-21,5.83,5.86,5.82,5.84,5.84,5.81
2003-11-28,5.89,5.88,5.87,5.94,5.86,5.88
2003-12-05,6.02,5.98,6.03,6.08,5.97,6.02
2003-12-12,5.88,5.89,5.85,5.91,5.90,5.86
2003-12-19,5.82,5.82,5.81,5.91,5.79,5.79
2003-12-26,5.81,5.80,5.77,5.88,5.78,5.80
2003-12-31,5.85,5.82,5.85,5.91,5.88,5.82
2004-01-08,5.87,5.83,5.87,5.96,5.86,5.85
2004-01-15,5.66,5.65,5.63,5.74,5.67,5.62
2004-01-22,5.64,5.62,5.63,5.71,5.65,5.61
2004-01-29,5.68,5.67,5.68,5.77,5.68,5.65
2004-02-05,5.72,5.71,5.72,5.78,5.71,5.69
2004-02-12,5.66,5.65,5.62,5.74,5.64,5.64
2004-02-19,5.58,5.56,5.53,5.65,5.59,5.57
2004-02-26,5.58,5.60,5.55,5.65,5.57,5.56
2004-03-04,5.59,5.58,5.54,5.66,5.61,5.57
2004-03-11,5.41,5.40,5.38,5.48,5.42,5.39
2004-03-18,5.38,5.36,5.35,5.46,5.38,5.35
2004-03-25,5.40,5.39,5.36,5.50,5.38,5.38
2004-04-01,5.52,5.47,5.49,5.63,5.53,5.50
2004-04-08,5.79,5.75,5.77,5.85,5.81,5.77
2004-04-15,5.89,5.88,5.88,5.91,5.93,5.86
2004-04-22,5.94,5.94,5.89,5.99,5.97,5.92
2004-04-29,6.01,5.99,5.98,6.06,6.02,5.99
2004-05-06,6.12,6.12,6.09,6.17,6.12,6.09
2004-05-13,6.34,6.32,6.30,6.46,6.32,6.29
2004-05-20,6.30,6.30,6.25,6.37,6.30,6.27
2004-05-27,6.32,6.32,6.25,6.39,6.31,6.31
2004-06-03,6.28,6.25,6.25,6.37,6.26,6.27
2004-06-10,6.30,6.28,6.24,6.42,6.32,6.27
2004-06-17,6.32,6.33,6.24,6.40,6.30,6.29
2004-06-24,6.25,6.20,6.22,6.34,6.26,6.24
2004-07-01,6.21,6.16,6.19,6.35,6.18,6.17
2004-07-08,6.01,6.03,5.96,6.10,6.02,5.97
2004-07-15,6.00,6.02,5.97,6.08,6.00,5.95
2004-07-22,5.98,6.01,5.91,6.10,5.97,5.92
2004-07-29,6.08,6.08,6.01,6.17,6.08,6.06
2004-08-05,5.99,6.02,5.92,6.08,5.95,5.94
2004-08-12,5.85,5.89,5.78,5.95,5.86,5.80
2004-08-19,5.81,5.81,5.73,5.93,5.81,5.76
2004-08-26,5.82,5.84,5.75,5.93,5.80,5.77
2004-09-02,5.77,5.80,5.71,5.89,5.74,5.72
2004-09-09,5.83,5.85,5.73,5.93,5.82,5.82
2004-09-16,5.75,5.74,5.64,5.85,5.73,5.74
2004-09-23,5.70,5.71,5.62,5.81,5.66,5.69
2004-09-30,5.72,5.75,5.65,5.80,5.71,5.70
2004-10-07,5.82,5.80,5.77,5.91,5.87,5.79
2004-10-14,5.74,5.75,5.66,5.86,5.72,5.72
2004-10-21,5.69,5.69,5.60,5.82,5.68,5.65
2004-10-28,5.64,5.63,5.57,5.71,5.64,5.64
2004-11-04,5.70,5.68,5.67,5.77,5.70,5.70
2004-11-11,5.76,5.74,5.67,5.84,5.78,5.76
2004-11-18,5.74,5.73,5.66,5.82,5.76,5.74
2004-11-24,5.72,5.75,5.63,5.78,5.74,5.70
2004-12-02,5.81,5.81,5.71,5.90,5.80,5.80
2004-12-09,5.71,5.71,5.61,5.83,5.68,5.69
2004-12-16,5.68,5.67,5.62,5.77,5.71,5.67
2004-12-22,5.75,5.77,5.66,5.79,5.80,5.74
2004-12-29,5.81,5.83,5.72,5.83,5.85,5.81
2005-01-06,5.77,5.78,5.69,5.78,5.82,5.79
2005-01-13,5.74,5.73,5.68,5.80,5.77,5.73
2005-01-20,5.67,5.66,5.61,5.71,5.71,5.66
2005-01-27,5.66,5.64,5.60,5.70,5.71,5.65
2005-02-03,5.63,5.64,5.60,5.67,5.66,5.61
2005-02-10,5.57,5.56,5.54,5.61,5.67,5.53
2005-02-17,5.62,5.61,5.57,5.64,5.71,5.60
2005-02-24,5.69,5.70,5.62,5.71,5.75,5.70
2005-03-03,5.79,5.78,5.74,5.88,5.78,5.77
2005-03-10,5.85,5.87,5.79,5.89,5.89,5.84
2005-03-17,5.95,5.95,5.88,6.06,5.93,5.92
2005-03-24,6.01,6.01,5.99,6.05,6.06,5.99
2005-03-31,6.04,6.05,5.98,6.13,6.03,6.02
2005-04-07,5.93,5.95,5.88,6.05,5.92,5.87
2005-04-14,5.91,5.94,5.80,6.07,5.87,5.84
2005-04-21,5.80,5.83,5.74,5.91,5.83,5.74
2005-04-28,5.78,5.79,5.69,5.91,5.79,5.72
2005-05-05,5.75,5.78,5.66,5.82,5.78,5.72
2005-05-12,5.77,5.82,5.70,5.87,5.76,5.72
2005-05-19,5.71,5.73,5.66,5.86,5.67,5.65
2005-05-26,5.65,5.71,5.57,5.75,5.63,5.58
2005-06-02,5.62,5.67,5.54,5.69,5.64,5.55
2005-06-09,5.56,5.59,5.46,5.68,5.58,5.51
2005-06-16,5.63,5.67,5.59,5.74,5.61,5.56
2005-06-23,5.57,5.63,5.51,5.71,5.55,5.46
2005-06-30,5.53,5.54,5.48,5.66,5.51,5.48
2005-07-07,5.62,5.66,5.57,5.69,5.65,5.56
2005-07-14,5.66,5.68,5.61,5.80,5.61,5.61
2005-07-21,5.73,5.81,5.64,5.82,5.81,5.64
2005-07-28,5.77,5.79,5.71,5.89,5.78,5.70
2005-08-04,5.82,5.84,5.77,5.93,5.80,5.76
2005-08-11,5.89,5.92,5.86,6.01,5.88,5.81
2005-08-18,5.80,5.84,5.77,5.93,5.76,5.72
2005-08-25,5.77,5.81,5.72,5.88,5.73,5.70
2005-09-01,5.71,5.78,5.66,5.83,5.65,5.63
2005-09-08,5.71,5.72,5.66,5.82,5.69,5.67
2005-09-15,5.74,5.79,5.71,5.80,5.73,5.68
2005-09-22,5.80,5.85,5.76,5.89,5.75,5.74
2005-09-29,5.91,5.93,5.84,5.98,5.90,5.90
2005-10-06,5.98,6.07,5.90,6.04,5.92,5.93
2005-10-13,6.03,6.06,6.00,6.13,6.04,5.97
2005-10-20,6.10,6.14,6.04,6.17,6.06,6.07
2005-10-27,6.15,6.17,6.10,6.20,6.12,6.14
2005-11-03,6.31,6.34,6.23,6.36,6.29,6.31
2005-11-10,6.36,6.36,6.29,6.48,6.30,6.35
2005-11-17,6.37,6.39,6.28,6.48,6.30,6.36
2005-11-23,6.28,6.28,6.19,6.40,6.23,6.27
2005-12-01,6.26,6.28,6.18,6.34,6.20,6.25
2005-12-08,6.32,6.33,6.22,6.42,6.25,6.32
2005-12-15,6.30,6.34,6.21,6.46,6.22,6.28
2005-12-22,6.26,6.31,6.21,6.37,6.24,6.21
2005-12-29,6.22,6.27,6.14,6.34,6.18,6.16
2006-01-05,6.21,6.23,6.14,6.30,6.15,6.20
2006-01-12,6.15,6.17,6.08,6.20,6.10,6.15
2006-01-19,6.10,6.16,6.04,6.20,6.05,6.04
2006-01-26,6.12,6.15,6.05,6.22,6.09,6.08
2006-02-02,6.23,6.27,6.19,6.33,6.19,6.19
2006-02-09,6.24,6.28,6.19,6.37,6.21,6.18
2006-02-16,6.28,6.32,6.25,6.38,6.24,6.25
2006-02-23,6.26,6.26,6.23,6.33,6.21,6.25
2006-03-02,6.24,6.28,6.20,6.34,6.22,6.20
2006-03-09,6.37,6.37,6.29,6.48,6.32,6.35
2006-03-16,6.34,6.40,6.31,6.42,6.33,6.29
2006-03-23,6.32,6.34,6.28,6.37,6.32,6.29
2006-03-30,6.35,6.40,6.33,6.39,6.36,6.30
2006-04-06,6.43,6.42,6.39,6.54,6.40,6.41
2006-04-13,6.49,6.53,6.41,6.56,6.50,6.46
2006-04-20,6.53,6.55,6.44,6.62,6.50,6.52
2006-04-27,6.58,6.62,6.50,6.66,6.56,6.56
2006-05-04,6.59,6.62,6.51,6.68,6.58,6.55
2006-05-11,6.58,6.59,6.49,6.72,6.56,6.55
2006-05-18,6.60,6.58,6.57,6.73,6.58,6.57
2006-05-25,6.62,6.60,6.55,6.68,6.63,6.63
2006-06-01,6.67,6.71,6.60,6.72,6.67,6.66
2006-06-08,6.62,6.67,6.54,6.73,6.60,6.57
2006-06-15,6.63,6.67,6.60,6.73,6.62,6.57
2006-06-22,6.71,6.70,6.68,6.82,6.66,6.69
2006-06-29,6.78,6.80,6.74,6.85,6.78,6.76
2006-07-06,6.79,6.88,6.71,6.83,6.77,6.76
2006-07-13,6.74,6.83,6.67,6.78,6.75,6.70
2006-07-20,6.80,6.83,6.73,6.88,6.79,6.76
2006-07-27,6.72,6.79,6.67,6.77,6.72,6.67
2006-08-03,6.63,6.71,6.58,6.70,6.64,6.56
2006-08-10,6.55,6.59,6.52,6.59,6.55,6.51
2006-08-17,6.52,6.52,6.48,6.58,6.51,6.53
2006-08-24,6.48,6.54,6.46,6.49,6.47,6.43
2006-08-31,6.44,6.47,6.36,6.49,6.44,6.44
2006-09-07,6.47,6.49,6.45,6.50,6.46,6.46
2006-09-14,6.43,6.48,6.39,6.50,6.41,6.39
2006-09-21,6.40,6.47,6.31,6.45,6.37,6.36
2006-09-28,6.31,6.31,6.27,6.38,6.28,6.30
2006-10-05,6.30,6.33,6.25,6.36,6.26,6.28
2006-10-12,6.37,6.39,6.31,6.41,6.37,6.36
2006-10-19,6.36,6.36,6.33,6.40,6.37,6.37
2006-10-26,6.40,6.40,6.36,6.47,6.41,6.38
2006-11-02,6.31,6.31,6.29,6.33,6.30,6.32
2006-11-09,6.33,6.35,6.31,6.36,6.31,6.33
2006-11-16,6.24,6.29,6.19,6.27,6.27,6.22
2006-11-22,6.18,6.24,6.10,6.24,6.20,6.16
2006-11-30,6.14,6.18,6.06,6.24,6.10,6.12
2006-12-07,6.11,6.14,6.05,6.21,6.09,6.09
2006-12-14,6.12,6.15,6.08,6.16,6.10,6.10
2006-12-21,6.13,6.16,6.07,6.19,6.11,6.11
2006-12-28,6.18,6.22,6.14,6.22,6.19,6.17
2007-01-04,6.18,6.24,6.08,6.27,6.13,6.19
2007-01-11,6.21,6.23,6.17,6.23,6.17,6.21
2007-01-18,6.23,6.27,6.16,6.27,6.21,6.21
2007-01-25,6.25,6.30,6.19,6.28,6.25,6.23
2007-02-01,6.34,6.40,6.30,6.40,6.32,6.29
2007-02-08,6.28,6.33,6.22,6.27,6.26,6.31
2007-02-15,6.30,6.33,6.27,6.31,6.30,6.29
2007-02-22,6.22,6.25,6.18,6.25,6.24,6.20
2007-03-01,6.18,6.24,6.15,6.20,6.19,6.13
2007-03-08,6.14,6.19,6.10,6.19,6.15,6.10
2007-03-15,6.14,6.18,6.10,6.18,6.10,6.11
2007-03-22,6.16,6.23,6.10,6.20,6.13,6.15
2007-03-29,6.16,6.21,6.11,6.20,6.13,6.14
2007-04-05,6.17,6.18,6.12,6.21,6.16,6.17
2007-04-12,6.22,6.27,6.17,6.27,6.22,6.18
2007-04-19,6.17,6.24,6.12,6.22,6.17,6.12
2007-04-26,6.16,6.17,6.16,6.21,6.16,6.14
2007-05-03,6.16,6.19,6.12,6.20,6.15,6.14
2007-05-10,6.15,6.14,6.10,6.20,6.16,6.16
2007-05-17,6.21,6.24,6.16,6.26,6.19,6.21
2007-05-24,6.37,6.39,6.35,6.37,6.37,6.36
2007-05-31,6.42,6.48,6.37,6.42,6.41,6.41
2007-06-07,6.53,6.54,6.52,6.54,6.54,6.51
2007-06-14,6.74,6.78,6.71,6.76,6.71,6.73
2007-06-21,6.69,6.73,6.65,6.73,6.73,6.66
2007-06-28,6.67,6.72,6.63,6.71,6.69,6.65
2007-07-05,6.63,6.67,6.56,6.69,6.64,6.62
2007-07-12,6.73,6.78,6.65,6.77,6.69,6.73
2007-07-19,6.73,6.71,6.70,6.79,6.72,6.74
2007-07-26,6.69,6.74,6.65,6.72,6.72,6.67
2007-08-02,6.68,6.70,6.62,6.71,6.70,6.67
2007-08-09,6.59,6.63,6.55,6.63,6.63,6.57
2007-08-16,6.62,6.65,6.57,6.66,6.66,6.61
2007-08-23,6.52,6.59,6.49,6.55,6.55,6.46
2007-08-30,6.45,6.49,6.41,6.49,6.48,6.40
2007-09-06,6.46,6.51,6.44,6.50,6.47,6.42
2007-09-13,6.31,6.39,6.26,6.33,6.32,6.27
2007-09-20,6.34,6.43,6.27,6.38,6.37,6.29
2007-09-27,6.42,6.47,6.37,6.44,6.42,6.40
2007-10-04,6.37,6.41,6.26,6.45,6.38,6.35
2007-10-11,6.40,6.42,6.32,6.47,6.42,6.38
2007-10-18,6.40,6.48,6.36,6.47,6.43,6.36
2007-10-25,6.33,6.37,6.29,6.33,6.40,6.30
2007-11-01,6.26,6.30,6.22,6.31,6.27,6.26
2007-11-08,6.24,6.30,6.22,6.30,6.30,6.20
2007-11-15,6.24,6.27,6.21,6.31,6.26,6.21
2007-11-21,6.20,6.27,6.15,6.27,6.23,6.15
2007-11-29,6.10,6.21,6.05,6.13,6.07,6.05
2007-12-06,5.96,6.02,5.94,5.95,5.94,5.96
2007-12-13,6.11,6.17,6.06,6.17,6.11,6.07
2007-12-20,6.14,6.18,6.12,6.22,6.15,6.09
2007-12-27,6.17,6.20,6.17,6.20,6.15,6.17
2008-01-03,6.07,6.14,6.06,6.11,6.07,6.04
2008-01-10,5.87,5.90,5.85,5.90,5.88,5.85
2008-01-17,5.69,5.80,5.65,5.75,5.68,5.64
2008-01-24,5.48,5.57,5.46,5.51,5.47,5.41
2008-01-31,5.68,5.72,5.63,5.75,5.72,5.65
2008-02-07,5.67,5.75,5.62,5.74,5.67,5.65
2008-02-14,5.72,5.76,5.68,5.79,5.72,5.72
2008-02-21,6.04,6.06,5.97,6.10,6.11,6.04
2008-02-28,6.24,6.30,6.22,6.32,6.19,6.22
2008-03-06,6.03,6.10,6.03,6.09,6.00,5.99
2008-03-13,6.13,6.22,6.08,6.17,6.11,6.11
2008-03-20,5.87,5.99,5.84,5.88,5.84,5.81
2008-03-27,5.85,5.93,5.82,5.88,5.86,5.80
2008-04-03,5.88,5.91,5.86,5.93,5.89,5.88
2008-04-10,5.88,5.94,5.84,5.87,5.86,5.88
2008-04-17,5.88,5.91,5.86,5.93,5.89,5.87
2008-04-24,6.03,6.11,6.00,6.01,6.07,6.00
2008-05-01,6.06,6.13,6.02,6.09,6.07,6.05
2008-05-08,6.05,6.10,6.04,6.04,6.08,6.04
2008-05-15,6.01,6.07,5.97,6.05,6.05,5.99
2008-05-22,5.98,6.01,5.96,5.96,5.99,6.00
2008-05-29,6.08,6.13,6.08,6.10,6.11,6.04
2008-06-05,6.09,6.17,6.03,6.15,6.09,6.07
2008-06-12,6.32,6.35,6.27,6.36,6.36,6.31
2008-06-19,6.42,6.47,6.37,6.50,6.40,6.41
2008-06-26,6.45,6.49,6.43,6.51,6.47,6.42
2008-07-03,6.35,6.40,6.31,6.39,6.38,6.32
2008-07-10,6.37,6.40,6.32,6.42,6.42,6.37
2008-07-17,6.26,6.29,6.21,6.31,6.29,6.27
2008-07-24,6.63,6.69,6.61,6.66,6.66,6.59
2008-07-31,6.52,6.58,6.48,6.54,6.54,6.50
2008-08-07,6.52,6.54,6.49,6.55,6.60,6.51
2008-08-14,6.52,6.57,6.49,6.57,6.57,6.49
2008-08-21,6.47,6.54,6.45,6.52,6.52,6.43
2008-08-28,6.40,6.43,6.36,6.43,6.46,6.39
2008-09-04,6.35,6.41,6.34,6.41,6.35,6.31
2008-09-11,5.93,5.94,5.96,5.94,6.00,5.90
2008-09-18,5.78,5.83,5.78,5.73,5.83,5.77
2008-09-25,6.09,6.08,6.11,6.11,6.08,6.09
2008-10-02,6.10,6.13,6.11,6.09,6.18,6.07
2008-10-09,5.94,6.03,5.89,5.95,5.98,5.90
2008-10-16,6.46,6.47,6.51,6.48,6.50,6.37
2008-10-23,6.04,6.11,6.01,6.04,5.99,6.04
2008-10-30,6.46,6.49,6.38,6.49,6.48,6.47
2008-11-06,6.20,6.27,6.10,6.30,6.19,6.16
2008-11-13,6.14,6.17,6.10,6.19,6.15,6.10
2008-11-20,6.04,6.08,5.96,6.06,6.08,6.03
2008-11-26,5.97,5.99,5.95,5.96,5.99,5.97
2008-12-04,5.53,5.52,5.48,5.53,5.48,5.60
2008-12-11,5.47,5.51,5.43,5.44,5.42,5.49
2008-12-18,5.19,5.28,5.24,5.19,5.09,5.14
2008-12-24,5.14,5.20,5.23,5.08,5.17,5.04
2008-12-31,5.10,5.26,5.08,5.03,5.06,5.01
2009-01-08,5.01,5.06,5.07,5.06,4.91,4.92
2009-01-15,4.96,5.00,5.03,4.91,4.92,4.91
2009-01-22,5.12,5.14,5.15,5.14,5.13,5.08
2009-01-29,5.10,5.18,5.14,5.09,5.06,5.03
2009-02-05,5.25,5.25,5.29,5.20,5.36,5.19
2009-02-12,5.16,5.14,5.13,5.22,5.21,5.15
2009-02-19,5.04,4.92,5.10,5.11,5.14,5.04
2009-02-26,5.07,4.94,5.14,5.11,5.16,5.06
2009-03-05,5.15,5.02,5.18,5.19,5.24,5.17
2009-03-12,5.03,4.93,5.05,5.05,5.14,5.02
2009-03-19,4.98,4.86,5.01,5.05,5.03,4.99
2009-03-26,4.85,4.90,4.86,4.85,4.84,4.80
2009-04-02,4.78,4.85,4.79,4.83,4.77,4.71
2009-04-09,4.87,4.93,4.89,4.90,4.84,4.82
2009-04-16,4.82,4.87,4.81,4.84,4.76,4.80
2009-04-23,4.80,4.83,4.80,4.85,4.72,4.78
2009-04-30,4.78,4.82,4.77,4.83,4.70,4.76
2009-05-07,4.84,4.91,4.77,4.85,4.84,4.82
2009-05-14,4.86,4.92,4.79,4.92,4.83,4.83
2009-05-21,4.82,4.86,4.79,4.86,4.84,4.79
2009-05-28,4.91,4.93,4.88,4.94,4.97,4.87
2009-06-04,5.29,5.31,5.27,5.32,5.39,5.25
2009-06-11,5.59,5.58,5.53,5.62,5.71,5.59
2009-06-18,5.38,5.43,5.37,5.43,5.41,5.31
2009-06-25,5.42,5.47,5.36,5.49,5.44,5.37
2009-07-02,5.32,5.36,5.26,5.36,5.31,5.30
2009-07-09,5.20,5.19,5.19,5.29,5.19,5.17
2009-07-16,5.14,5.17,5.11,5.21,5.16,5.09
2009-07-23,5.20,5.21,5.14,5.28,5.20,5.19
2009-07-30,5.25,5.36,5.19,5.27,5.26,5.20
2009-08-06,5.22,5.28,5.15,5.32,5.20,5.18
2009-08-13,5.29,5.31,5.22,5.38,5.36,5.25
2009-08-20,5.12,5.12,5.11,5.19,5.12,5.08
2009-08-27,5.14,5.14,5.10,5.19,5.16,5.14
2009-09-03,5.08,5.14,5.05,5.15,5.10,5.02
2009-09-10,5.07,5.09,5.03,5.10,5.14,5.05
2009-09-17,5.04,5.06,5.04,5.07,5.05,5.00
2009-09-24,5.04,5.06,5.01,5.11,5.03,5.02
2009-10-01,4.94,4.98,4.93,4.96,4.90,4.92
2009-10-08,4.87,4.86,4.92,4.90,4.83,4.83
2009-10-15,4.92,4.92,4.94,4.95,4.93,4.88
2009-10-22,5.00,5.01,4.98,5.05,4.99,4.99
2009-10-29,5.03,5.02,5.01,5.11,5.06,5.01
2009-11-05,4.98,5.00,5.01,5.02,5.01,4.91
2009-11-12,4.91,4.92,4.92,4.96,4.90,4.88
2009-11-19,4.83,4.85,4.82,4.90,4.82,4.78
2009-11-25,4.78,4.78,4.75,4.84,4.80,4.77
2009-12-03,4.71,4.71,4.68,4.78,4.76,4.68
2009-12-10,4.81,4.79,4.80,4.87,4.83,4.78
2009-12-17,4.94,4.95,4.94,5.00,4.93,4.91
2009-12-24,5.05,5.05,5.02,5.09,5.08,5.03
2009-12-31,5.14,5.12,5.16,5.20,5.16,5.11
2010-01-07,5.09,5.17,5.07,5.11,5.11,5.02
2010-01-14,5.06,5.11,5.00,5.11,5.05,5.03
2010-01-21,4.99,5.00,4.97,5.02,4.98,4.97
2010-01-28,4.98,5.02,4.97,5.01,4.97,4.93
2010-02-04,5.01,5.05,5.01,5.01,4.95,5.00
2010-02-11,4.97,5.02,4.93,5.00,4.93,4.94
2010-02-18,4.93,4.94,4.91,4.96,5.00,4.88
2010-02-25,5.05,5.12,5.02,5.10,4.96,5.01
2010-03-04,4.97,4.97,4.97,5.03,4.90,4.95
2010-03-11,4.95,5.00,4.94,5.01,4.88,4.91
2010-03-18,4.96,4.99,4.94,5.02,4.91,4.92
2010-03-25,4.99,5.03,4.99,5.05,4.93,4.94
2010-04-01,5.08,5.11,5.06,5.16,5.02,5.04
2010-04-08,5.21,5.23,5.15,5.30,5.14,5.21
2010-04-15,5.07,5.13,5.02,5.12,5.00,5.03
2010-04-22,5.07,5.12,5.03,5.14,5.00,5.05
2010-04-29,5.06,5.11,5.00,5.13,5.02,5.03
2010-05-06,5.00,5.03,4.97,5.05,4.93,4.99
2010-05-13,4.93,4.98,4.91,4.97,4.87,4.91
2010-05-20,4.84,4.88,4.83,4.86,4.81,4.82
2010-05-27,4.78,4.78,4.77,4.77,4.77,4.79
2010-06-03,4.79,4.82,4.79,4.83,4.78,4.76
2010-06-10,4.72,4.76,4.73,4.74,4.73,4.68
2010-06-17,4.75,4.78,4.74,4.81,4.76,4.71
2010-06-24,4.69,4.73,4.70,4.70,4.69,4.65
2010-07-01,4.58,4.63,4.61,4.63,4.54,4.52
2010-07-08,4.57,4.63,4.60,4.58,4.54,4.51
2010-07-15,4.57,4.57,4.61,4.60,4.60,4.52
2010-07-22,4.56,4.55,4.59,4.60,4.58,4.51
2010-07-29,4.54,4.55,4.60,4.54,4.55,4.48
2010-08-05,4.49,4.51,4.52,4.49,4.51,4.45
2010-08-12,4.44,4.48,4.45,4.45,4.48,4.38
2010-08-19,4.42,4.44,4.44,4.42,4.46,4.35
2010-08-26,4.36,4.37,4.42,4.36,4.42,4.28
2010-09-02,4.32,4.36,4.36,4.26,4.39,4.26
2010-09-09,4.35,4.37,4.39,4.30,4.38,4.31
2010-09-16,4.37,4.39,4.37,4.36,4.41,4.33
2010-09-23,4.37,4.41,4.38,4.37,4.36,4.33
2010-09-30,4.32,4.35,4.37,4.31,4.32,4.27
2010-10-07,4.27,4.30,4.33,4.27,4.27,4.23
2010-10-14,4.19,4.25,4.20,4.17,4.17,4.16
2010-10-21,4.21,4.22,4.30,4.19,4.23,4.17
2010-10-28,4.23,4.24,4.31,4.23,4.22,4.18
2010-11-04,4.24,4.23,4.32,4.22,4.24,4.21
2010-11-11,4.17,4.17,4.18,4.16,4.18,4.17
2010-11-18,4.39,4.37,4.42,4.44,4.41,4.34
2010-11-24,4.40,4.40,4.40,4.50,4.36,4.35
2010-12-02,4.46,4.46,4.48,4.53,4.44,4.43
2010-12-09,4.61,4.62,4.58,4.65,4.56,4.62
2010-12-16,4.83,4.83,4.82,4.82,4.84,4.82
2010-12-23,4.81,4.82,4.79,4.84,4.83,4.79
2010-12-30,4.86,4.88,4.82,4.89,4.86,4.84
2011-01-06,4.77,4.77,4.76,4.81,4.79,4.74
2011-01-13,4.71,4.75,4.66,4.76,4.70,4.67
2011-01-20,4.74,4.76,4.71,4.78,4.73,4.71
2011-01-27,4.80,4.83,4.76,4.85,4.78,4.75
2011-02-03,4.81,4.84,4.77,4.88,4.78,4.77
2011-02-10,5.05,5.07,4.99,5.09,5.06,5.02
2011-02-17,5.00,5.04,4.95,5.04,5.04,4.96
2011-02-24,4.95,4.99,4.92,4.99,4.98,4.90
2011-03-03,4.87,4.89,4.83,4.92,4.92,4.83
2011-03-10,4.88,4.90,4.85,4.93,4.91,4.83
2011-03-17,4.76,4.76,4.74,4.77,4.82,4.72
2011-03-24,4.81,4.82,4.81,4.86,4.86,4.77
2011-03-31,4.86,4.88,4.83,4.88,4.87,4.84
2011-04-07,4.87,4.88,4.85,4.91,4.91,4.84
2011-04-14,4.91,4.94,4.88,4.96,4.95,4.84
2011-04-21,4.80,4.85,4.79,4.81,4.85,4.73
2011-04-28,4.78,4.81,4.79,4.80,4.81,4.71
2011-05-05,4.71,4.74,4.71,4.75,4.74,4.63
2011-05-12,4.63,4.63,4.65,4.67,4.70,4.56
2011-05-19,4.61,4.62,4.63,4.63,4.66,4.55
2011-05-26,4.60,4.60,4.62,4.63,4.65,4.54
2011-06-02,4.55,4.58,4.57,4.56,4.55,4.50
2011-06-09,4.49,4.49,4.52,4.52,4.52,4.45
2011-06-16,4.50,4.52,4.53,4.52,4.53,4.46
2011-06-23,4.50,4.51,4.52,4.53,4.52,4.46
2011-06-30,4.51,4.51,4.53,4.54,4.53,4.46
2011-07-07,4.60,4.62,4.62,4.64,4.65,4.53
2011-07-14,4.51,4.53,4.54,4.55,4.54,4.43
2011-07-21,4.52,4.52,4.53,4.58,4.53,4.46
2011-07-28,4.55,4.58,4.55,4.59,4.58,4.48
2011-08-04,4.39,4.38,4.40,4.40,4.43,4.37
2011-08-11,4.32,4.33,4.38,4.32,4.34,4.26
2011-08-18,4.15,4.15,4.24,4.14,4.24,4.09
2011-08-25,4.22,4.20,4.30,4.23,4.28,4.16
2011-09-01,4.22,4.25,4.26,4.22,4.28,4.15
2011-09-08,4.12,4.15,4.20,4.12,4.17,4.05
2011-09-15,4.09,4.11,4.16,4.12,4.13,4.01
2011-09-22,4.09,4.08,4.16,4.09,4.14,4.02
2011-09-29,4.01,4.01,4.09,4.02,4.08,3.95
2011-10-06,3.94,3.92,4.02,3.97,3.99,3.87
2011-10-13,4.12,4.12,4.17,4.08,4.15,4.09
2011-10-20,4.11,4.10,4.17,4.12,4.13,4.06
2011-10-27,4.10,4.09,4.15,4.11,4.14,4.06
2011-11-03,4.00,4.01,4.06,4.02,4.03,3.94
2011-11-10,3.99,3.99,4.06,4.01,4.03,3.93
2011-11-17,4.00,4.00,4.06,3.99,4.03,3.94
2011-11-23,3.98,3.98,4.07,3.98,4.02,3.91
2011-12-01,4.00,4.00,4.06,3.97,4.04,3.96
2011-12-08,3.99,3.98,4.08,3.98,4.03,3.93
2011-12-15,3.94,3.94,4.00,3.93,4.00,3.88
2011-12-22,3.91,3.92,3.97,3.90,3.95,3.85
2011-12-29,3.95,3.96,3.99,3.95,4.00,3.90
2012-01-05,3.91,3.93,3.92,3.91,3.95,3.86
2012-01-12,3.89,3.89,3.91,3.87,3.95,3.84
2012-01-19,3.88,3.88,3.89,3.89,3.93,3.83
2012-01-26,3.98,3.99,4.00,4.01,4.05,3.92
2012-02-02,3.87,3.86,3.90,3.86,3.91,3.83
2012-02-09,3.87,3.86,3.89,3.88,3.90,3.84
2012-02-16,3.87,3.88,3.89,3.90,3.91,3.83
2012-02-23,3.95,3.95,3.97,3.95,3.97,3.91
2012-03-01,3.90,3.91,3.95,3.92,3.92,3.86
2012-03-08,3.88,3.89,3.90,3.90,3.92,3.84
2012-03-15,3.92,3.91,3.96,3.91,3.97,3.90
2012-03-22,4.08,4.08,4.13,4.08,4.11,4.05
2012-03-29,3.99,4.00,4.01,3.99,4.02,3.94
2012-04-05,3.98,4.01,4.01,4.00,4.02,3.98
2012-04-12,3.88,3.88,3.91,3.89,3.90,3.85
2012-04-19,3.90,3.90,3.90,3.92,3.93,3.86
2012-04-26,3.88,3.90,3.88,3.90,3.90,3.84
2012-05-03,3.84,3.85,3.84,3.87,3.86,3.79
2012-05-10,3.83,3.84,3.86,3.87,3.83,3.77
2012-05-17,3.79,3.78,3.83,3.83,3.80,3.74
2012-05-24,3.78,3.78,3.79,3.83,3.81,3.74
2012-05-31,3.75,3.76,3.76,3.77,3.79,3.70
2012-06-07,3.67,3.70,3.70,3.64,3.70,3.63
2012-06-14,3.71,3.74,3.72,3.73,3.72,3.65
2012-06-21,3.66,3.70,3.68,3.65,3.68,3.62
2012-06-28,3.66,3.70,3.68,3.65,3.68,3.62
2012-07-05,3.62,3.67,3.65,3.60,3.63,3.56
2012-07-12,3.56,3.61,3.55,3.54,3.57,3.53
2012-07-19,3.53,3.56,3.58,3.52,3.56,3.49
2012-07-26,3.49,3.52,3.53,3.48,3.49,3.47
2012-08-02,3.55,3.57,3.58,3.56,3.59,3.50
2012-08-09,3.59,3.59,3.63,3.59,3.62,3.55
2012-08-16,3.62,3.62,3.68,3.58,3.66,3.59
2012-08-23,3.66,3.66,3.71,3.66,3.70,3.63
2012-08-30,3.59,3.59,3.64,3.57,3.61,3.58
2012-09-06,3.55,3.57,3.58,3.53,3.55,3.52
2012-09-13,3.55,3.56,3.60,3.55,3.59,3.50
2012-09-20,3.49,3.50,3.53,3.51,3.52,3.43
2012-09-27,3.40,3.42,3.42,3.40,3.40,3.36
2012-10-04,3.36,3.39,3.40,3.32,3.37,3.34
2012-10-11,3.39,3.42,3.43,3.37,3.43,3.35
2012-10-18,3.37,3.40,3.40,3.35,3.40,3.33
2012-10-25,3.41,3.46,3.45,3.38,3.42,3.36
2012-11-01,3.39,3.44,3.44,3.36,3.41,3.35
2012-11-08,3.40,3.43,3.43,3.38,3.42,3.37
2012-11-15,3.34,3.38,3.38,3.34,3.37,3.27
2012-11-21,3.31,3.35,3.35,3.28,3.34,3.27
2012-11-29,3.32,3.36,3.36,3.30,3.35,3.27
2012-12-06,3.34,3.39,3.35,3.31,3.34,3.31
2012-12-13,3.32,3.35,3.36,3.31,3.33,3.28
2012-12-20,3.37,3.41,3.39,3.34,3.42,3.33
2012-12-27,3.35,3.38,3.38,3.32,3.39,3.32
2013-01-03,3.34,3.38,3.35,3.30,3.38,3.29
2013-01-10,3.40,3.44,3.43,3.38,3.44,3.36
2013-01-17,3.38,3.43,3.40,3.34,3.43,3.34
2013-01-24,3.42,3.45,3.43,3.38,3.44,3.40
2013-01-31,3.53,3.54,3.56,3.49,3.57,3.53
2013-02-07,3.53,3.57,3.56,3.50,3.59,3.49
2013-02-14,3.53,3.56,3.57,3.48,3.59,3.49
2013-02-21,3.56,3.58,3.57,3.52,3.62,3.54
2013-02-28,3.51,3.55,3.52,3.46,3.56,3.47
2013-03-07,3.52,3.52,3.55,3.50,3.55,3.51
2013-03-14,3.63,3.64,3.65,3.60,3.67,3.60
2013-03-21,3.54,3.57,3.59,3.51,3.58,3.51
2013-03-28,3.57,3.60,3.59,3.56,3.61,3.54
2013-04-04,3.54,3.57,3.56,3.52,3.56,3.50
2013-04-11,3.43,3.45,3.44,3.39,3.45,3.41
2013-04-18,3.41,3.45,3.42,3.38,3.43,3.38
2013-04-25,3.40,3.43,3.43,3.38,3.41,3.37
2013-05-02,3.35,3.39,3.37,3.34,3.38,3.32
2013-05-09,3.42,3.45,3.42,3.43,3.43,3.38
2013-05-16,3.51,3.51,3.53,3.52,3.54,3.48
2013-05-23,3.59,3.59,3.59,3.62,3.63,3.57
2013-05-30,3.81,3.83,3.79,3.83,3.83,3.79
2013-06-06,3.91,3.92,3.91,3.91,3.94,3.88
2013-06-13,3.98,3.97,4.00,4.02,3.99,3.98
2013-06-20,3.93,3.95,3.96,3.93,3.93,3.92
2013-06-27,4.46,4.45,4.43,4.49,4.49,4.46
2013-07-03,4.29,4.31,4.29,4.25,4.34,4.28
2013-07-11,4.51,4.51,4.48,4.53,4.53,4.51
2013-07-18,4.37,4.40,4.39,4.33,4.42,4.33
2013-07-25,4.31,4.34,4.31,4.29,4.36,4.27
2013-08-01,4.39,4.43,4.37,4.38,4.41,4.36
2013-08-08,4.40,4.42,4.39,4.39,4.45,4.36
2013-08-15,4.40,4.42,4.39,4.39,4.46,4.46
2013-08-22,4.58,4.61,4.57,4.56,4.62,4.57
2013-08-29,4.51,4.53,4.53,4.50,4.54,4.49
2013-09-05,4.57,4.58,4.58,4.58,4.61,4.55
2013-09-12,4.57,4.56,4.57,4.59,4.62,4.53
2013-09-19,4.50,4.52,4.52,4.50,4.56,4.46
2013-09-26,4.32,4.36,4.33,4.33,4.37,4.27
2013-10-03,4.22,4.24,4.23,4.24,4.28,4.17
2013-10-10,4.23,4.25,4.26,4.23,4.29,4.18
2013-10-17,4.28,4.29,4.31,4.30,4.34,4.23
2013-10-24,4.13,4.17,4.16,4.14,4.17,4.08
2013-10-31,4.10,4.14,4.13,4.10,4.14,4.04
2013-11-07,4.16,4.15,4.19,4.17,4.21,4.13
2013-11-14,4.35,4.35,4.38,4.38,4.36,4.32
2013-11-21,4.22,4.24,4.25,4.23,4.26,4.17
2013-11-27,4.29,4.29,4.29,4.31,4.34,4.26
2013-12-05,4.46,4.45,4.43,4.50,4.48,4.46
2013-12-12,4.42,4.40,4.44,4.42,4.47,4.40
2013-12-19,4.47,4.47,4.48,4.50,4.49,4.45
2013-12-26,4.48,4.47,4.51,4.49,4.51,4.46
2014-01-02,4.53,4.52,4.56,4.55,4.56,4.49
2014-01-09,4.51,4.50,4.55,4.54,4.55,4.47
2014-01-16,4.41,4.39,4.42,4.45,4.47,4.38
2014-01-23,4.39,4.39,4.43,4.39,4.44,4.34
2014-01-30,4.32,4.32,4.35,4.35,4.36,4.29
2014-02-06,4.23,4.25,4.24,4.24,4.27,4.18
2014-02-13,4.28,4.27,4.30,4.29,4.32,4.25
2014-02-20,4.33,4.33,4.36,4.34,4.38,4.30
2014-02-27,4.37,4.37,4.40,4.41,4.41,4.32
2014-03-06,4.28,4.26,4.33,4.31,4.34,4.23
2014-03-13,4.37,4.36,4.43,4.41,4.43,4.32
2014-03-20,4.32,4.32,4.37,4.33,4.36,4.28
2014-03-27,4.40,4.41,4.43,4.41,4.43,4.35
2014-04-03,4.41,4.42,4.44,4.41,4.46,4.38
2014-04-10,4.34,4.33,4.37,4.34,4.38,4.31
2014-04-17,4.27,4.26,4.32,4.28,4.32,4.23
2014-04-24,4.33,4.33,4.40,4.34,4.38,4.27
2014-05-01,4.29,4.27,4.36,4.28,4.35,4.25
2014-05-08,4.21,4.21,4.28,4.18,4.27,4.16
2014-05-15,4.20,4.19,4.23,4.20,4.23,4.17
2014-05-22,4.14,4.16,4.19,4.13,4.19,4.09
2014-05-29,4.12,4.12,4.17,4.11,4.18,4.07
2014-06-05,4.14,4.14,4.20,4.12,4.17,4.10
2014-06-12,4.20,4.18,4.26,4.20,4.23,4.16
2014-06-19,4.17,4.18,4.24,4.19,4.20,4.13
2014-06-26,4.14,4.14,4.19,4.15,4.17,4.12
2014-07-03,4.12,4.09,4.16,4.11,4.16,4.11
2014-07-10,4.15,4.14,4.19,4.14,4.19,4.12
2014-07-17,4.13,4.14,4.20,4.10,4.17,4.11
2014-07-24,4.13,4.12,4.20,4.10,4.15,4.10
2014-07-31,4.12,4.12,4.19,4.11,4.15,4.09
2014-08-07,4.14,4.14,4.20,4.15,4.18,4.10
2014-08-14,4.12,4.12,4.17,4.11,4.14,4.09
2014-08-21,4.10,4.11,4.15,4.07,4.10,4.07
2014-08-28,4.10,4.10,4.16,4.09,4.13,4.08
2014-09-04,4.10,4.09,4.17,4.08,4.12,4.08
2014-09-11,4.12,4.10,4.15,4.13,4.16,4.10
2014-09-18,4.23,4.21,4.29,4.23,4.25,4.20
2014-09-25,4.20,4.18,4.26,4.21,4.23,4.17
2014-10-02,4.19,4.17,4.26,4.19,4.21,4.16
2014-10-09,4.12,4.13,4.16,4.10,4.14,4.10
2014-10-16,3.97,4.00,4.00,3.97,3.99,3.92
2014-10-23,3.92,3.93,3.95,3.91,3.93,3.89
2014-10-30,3.98,3.98,4.02,3.97,3.99,3.95
2014-11-06,4.02,4.02,4.09,3.99,4.04,4.00
2014-11-13,4.01,4.02,4.07,3.99,4.05,3.96
2014-11-20,3.99,3.99,4.03,3.97,4.01,3.96
2014-11-26,3.97,3.99,4.04,3.95,4.01,3.92
2014-12-04,3.89,3.92,3.98,3.84,3.93,3.82
2014-12-11,3.93,3.96,4.01,3.94,3.97,3.87
2014-12-18,3.80,3.81,3.88,3.80,3.83,3.75
2014-12-24,3.83,3.84,3.90,3.82,3.89,3.76
2014-12-31,3.87,3.90,3.94,3.85,3.92,3.80
2015-01-08,3.73,3.74,3.81,3.72,3.78,3.66
2015-01-15,3.66,3.66,3.75,3.66,3.68,3.60
2015-01-22,3.63,3.64,3.74,3.60,3.66,3.57
2015-01-29,3.66,3.67,3.77,3.64,3.68,3.61
2015-02-05,3.59,3.60,3.69,3.56,3.60,3.54
2015-02-12,3.69,3.68,3.79,3.67,3.73,3.65
2015-02-19,3.76,3.75,3.87,3.73,3.82,3.71
2015-02-26,3.80,3.77,3.89,3.77,3.88,3.76
2015-03-05,3.75,3.72,3.84,3.73,3.82,3.70
2015-03-12,3.86,3.86,3.95,3.85,3.89,3.80
2015-03-19,3.78,3.76,3.87,3.77,3.84,3.73
2015-03-26,3.69,3.69,3.79,3.68,3.74,3.64
2015-04-02,3.70,3.69,3.80,3.68,3.73,3.67
2015-04-09,3.66,3.66,3.75,3.62,3.68,3.63
2015-04-16,3.67,3.65,3.79,3.64,3.71,3.64
2015-04-23,3.65,3.62,3.77,3.63,3.68,3.62
2015-04-30,3.68,3.65,3.79,3.65,3.70,3.64
2015-05-07,3.80,3.78,3.88,0.78,3.82,3.77
2015-05-14,3.85,3.84,3.92,3.82,3.91,3.81
2015-05-21,3.84,3.83,3.89,3.82,3.90,3.81
2015-05-28,3.87,3.87,3.93,3.86,3.91,3.83
2015-06-04,3.87,3.88,3.92,3.83,3.90,3.85
2015-06-11,4.04,4.01,4.08,4.05,4.08,4.01
2015-06-18,4.00,3.97,4.04,4.02,4.07,3.98
2015-06-25,4.02,4.03,4.04,4.01,4.06,3.98
2015-07-02,4.08,4.08,4.11,4.08,4.13,4.05
2015-07-09,4.04,4.07,4.09,4.03,4.08,3.97
2015-07-16,4.09,4.09,4.16,4.09,4.12,4.05
2015-07-23,4.04,4.07,4.09,4.04,4.08,3.97
2015-07-30,3.98,4.01,4.02,3.97,4.03,3.91
2015-08-06,3.91,3.94,3.94,3.90,3.92,3.86
2015-08-13,3.94,3.97,3.97,3.93,3.99,3.90
2015-08-20,3.93,3.95,3.97,3.91,3.97,3.89
2015-08-27,3.84,3.88,3.88,3.84,3.85,3.78
2015-09-03,3.89,3.88,3.93,3.88,3.93,3.86
2015-09-10,3.90,3.90,3.94,3.91,3.96,3.85
2015-09-17,3.91,3.92,3.93,3.91,3.94,3.87
2015-09-24,3.86,3.88,3.89,3.87,3.90,3.81
2015-10-01,3.85,3.87,3.89,3.82,3.90,3.80
2015-10-08,3.76,3.79,3.78,3.74,3.80,3.71
2015-10-15,3.82,3.87,3.87,3.80,3.85,3.76
2015-10-22,3.79,3.83,3.83,3.78,3.81,3.73
2015-10-29,3.76,3.77,3.83,3.75,3.79,3.71
2015-11-05,3.87,3.89,3.91,3.88,3.88,3.83
2015-11-12,3.98,3.99,4.01,3.96,4.03,3.96
2015-11-19,3.97,3.98,3.98,3.96,3.98,3.94
2015-11-25,3.95,3.96,3.97,3.93,3.98,3.92
2015-12-03,3.93,3.97,3.96,3.92,3.94,3.90
2015-12-10,3.95,3.98,3.98,3.93,3.98,3.92
2015-12-17,3.97,3.97,3.99,3.97,4.01,3.94
2015-12-24,3.96,3.98,3.98,3.95,3.99,3.93
2015-12-31,4.01,4.02,4.04,4.00,4.05,3.98
